
EnvironmentNameNotFound: Could not find conda environment: pcp
You can list all discoverable environments with `conda info --envs`.


INFO: Create ssh tunnel from your pc using: ssh -L 48039:node001:48039  ki64cah@login2.draco.uni-jena.de
INFO: You can also use draco instead of ara
[I 2026-06-30 17:27:05.236 ServerApp] jupyter_lsp | extension was successfully linked.
[I 2026-06-30 17:27:05.240 ServerApp] jupyter_server_terminals | extension was successfully linked.
[I 2026-06-30 17:27:05.244 ServerApp] jupyterlab | extension was successfully linked.
[I 2026-06-30 17:27:05.248 ServerApp] notebook | extension was successfully linked.
[I 2026-06-30 17:27:05.536 ServerApp] notebook_shim | extension was successfully linked.
[I 2026-06-30 17:27:05.537 ServerApp] panel.io.jupyter_server_extension | extension was successfully linked.
[I 2026-06-30 17:27:05.556 ServerApp] notebook_shim | extension was successfully loaded.
[I 2026-06-30 17:27:05.558 ServerApp] jupyter_lsp | extension was successfully loaded.
[I 2026-06-30 17:27:05.559 ServerApp] jupyter_server_terminals | extension was successfully loaded.
[I 2026-06-30 17:27:05.563 LabApp] JupyterLab extension loaded from /cluster/ecosystems/anaconda3/2024.10/lib/python3.12/site-packages/jupyterlab
[I 2026-06-30 17:27:05.563 LabApp] JupyterLab application directory is /cluster/ecosystems/anaconda3/2024.10/share/jupyter/lab
[I 2026-06-30 17:27:05.564 LabApp] Extension Manager is 'pypi'.
[I 2026-06-30 17:27:05.636 LabApp] Extensions will be fetched using proxy, proxy host and port: ('internet4nzm.rz.uni-jena.de', '3128')
[I 2026-06-30 17:27:05.639 ServerApp] jupyterlab | extension was successfully loaded.
[I 2026-06-30 17:27:05.644 ServerApp] notebook | extension was successfully loaded.
[I 2026-06-30 17:27:05.645 ServerApp] panel.io.jupyter_server_extension | extension was successfully loaded.
[I 2026-06-30 17:27:05.646 ServerApp] Serving notebooks from local directory: /work/ki64cah/plast-chem
[I 2026-06-30 17:27:05.646 ServerApp] Jupyter Server 2.14.1 is running at:
[I 2026-06-30 17:27:05.647 ServerApp] http://node001:48039/lab?token=cb8ae0cd5bc596eba46a90ffc322691f899303395edbfeef
[I 2026-06-30 17:27:05.647 ServerApp]     http://127.0.0.1:48039/lab?token=cb8ae0cd5bc596eba46a90ffc322691f899303395edbfeef
[I 2026-06-30 17:27:05.647 ServerApp] Use Control-C to stop this server and shut down all kernels (twice to skip confirmation).
[C 2026-06-30 17:27:05.699 ServerApp] 
    
    To access the server, open this file in a browser:
        file:///home/ki64cah/.local/share/jupyter/runtime/jpserver-1274329-open.html
    Or copy and paste one of these URLs:
        http://node001:48039/lab?token=cb8ae0cd5bc596eba46a90ffc322691f899303395edbfeef
        http://127.0.0.1:48039/lab?token=cb8ae0cd5bc596eba46a90ffc322691f899303395edbfeef
[I 2026-06-30 17:27:05.939 ServerApp] Skipped non-installed server(s): bash-language-server, dockerfile-language-server-nodejs, javascript-typescript-langserver, jedi-language-server, julia-language-server, pyright, python-language-server, r-languageserver, sql-language-server, texlab, typescript-language-server, unified-language-server, vscode-css-languageserver-bin, vscode-html-languageserver-bin, vscode-json-languageserver-bin, yaml-language-server
0.00s - Debugger warning: It seems that frozen modules are being used, which may
0.00s - make the debugger miss breakpoints. Please pass -Xfrozen_modules=off
0.00s - to python to disable frozen modules.
0.00s - Note: Debugging will proceed. Set PYDEVD_DISABLE_FILE_VALIDATION=1 to disable this validation.
[W 2026-06-30 17:27:46.303 LabApp] Could not determine jupyterlab build status without nodejs
[W 2026-06-30 17:27:47.598 ServerApp] Notebook analysis/models.ipynb is not trusted
[I 2026-06-30 17:27:47.605 ServerApp] Kernel started: 6fa70abf-ecda-4727-9917-70a255356806
[I 2026-06-30 17:27:47.920 ServerApp] Kernel started: bb68ed13-19af-47e0-92c9-40f22ff9a26c
0.00s - Debugger warning: It seems that frozen modules are being used, which may
0.00s - make the debugger miss breakpoints. Please pass -Xfrozen_modules=off
0.00s - to python to disable frozen modules.
0.00s - Note: Debugging will proceed. Set PYDEVD_DISABLE_FILE_VALIDATION=1 to disable this validation.
[I 2026-06-30 17:27:48.605 ServerApp] Connecting to kernel 6fa70abf-ecda-4727-9917-70a255356806.
[I 2026-06-30 17:27:48.621 ServerApp] Connecting to kernel 6fa70abf-ecda-4727-9917-70a255356806.
[I 2026-06-30 17:27:48.637 ServerApp] Connecting to kernel 6fa70abf-ecda-4727-9917-70a255356806.
[IPKernelApp] WARNING | Kernel is running over TCP without encryption. All communication (including code and outputs) is sent in plain text and is susceptible to eavesdropping. Use IPC transport or launch with kernel manager-provisioned CurveZMQ keys to enable transport encryption.
[I 2026-06-30 17:27:49.761 ServerApp] Connecting to kernel bb68ed13-19af-47e0-92c9-40f22ff9a26c.
[I 2026-06-30 17:27:49.783 ServerApp] Connecting to kernel bb68ed13-19af-47e0-92c9-40f22ff9a26c.
[I 2026-06-30 17:27:49.801 ServerApp] Connecting to kernel bb68ed13-19af-47e0-92c9-40f22ff9a26c.
[I 2026-06-30 17:27:59.022 ServerApp] Kernel started: a3c01891-ea76-4b47-b9a3-92a0c9e33001
[I 2026-06-30 17:27:59.024 ServerApp] Kernel shutdown: 6fa70abf-ecda-4727-9917-70a255356806
[IPKernelApp] WARNING | Kernel is running over TCP without encryption. All communication (including code and outputs) is sent in plain text and is susceptible to eavesdropping. Use IPC transport or launch with kernel manager-provisioned CurveZMQ keys to enable transport encryption.
[I 2026-06-30 17:28:00.200 ServerApp] Connecting to kernel a3c01891-ea76-4b47-b9a3-92a0c9e33001.
[I 2026-06-30 17:29:48.394 ServerApp] Saving file at /analysis/models.ipynb
[I 2026-06-30 17:31:48.747 ServerApp] Saving file at /analysis/models.ipynb
[I 2026-06-30 17:31:59.026 ServerApp] Kernel interrupted: bb68ed13-19af-47e0-92c9-40f22ff9a26c
[I 2026-06-30 17:33:49.406 ServerApp] Saving file at /analysis/models.ipynb
[I 2026-06-30 17:35:01.653 ServerApp] Kernel interrupted: bb68ed13-19af-47e0-92c9-40f22ff9a26c
[I 2026-06-30 17:35:49.664 ServerApp] Saving file at /analysis/models.ipynb
[I 2026-06-30 17:49:49.786 ServerApp] Saving file at /analysis/models.ipynb
[CV 4/5; 3/27] START learning_rate=0.1, max_depth=3, n_estimators=200...........
[CV 4/5; 3/27] END learning_rate=0.1, max_depth=3, n_estimators=200;, score=0.611 total time= 1.6min
[CV 5/5; 7/27] START learning_rate=0.1, max_depth=7, n_estimators=50............
[CV 5/5; 7/27] END learning_rate=0.1, max_depth=7, n_estimators=50;, score=0.589 total time=  57.1s
[CV 1/5; 10/27] START learning_rate=0.01, max_depth=3, n_estimators=50..........
[CV 1/5; 10/27] END learning_rate=0.01, max_depth=3, n_estimators=50;, score=0.567 total time=  24.5s
[CV 2/5; 10/27] START learning_rate=0.01, max_depth=3, n_estimators=50..........
[CV 2/5; 10/27] END learning_rate=0.01, max_depth=3, n_estimators=50;, score=0.565 total time=  24.5s
[CV 3/5; 10/27] START learning_rate=0.01, max_depth=3, n_estimators=50..........
[CV 3/5; 10/27] END learning_rate=0.01, max_depth=3, n_estimators=50;, score=0.565 total time=  24.4s
[CV 1/5; 12/27] START learning_rate=0.01, max_depth=3, n_estimators=200.........
[CV 1/5; 12/27] END learning_rate=0.01, max_depth=3, n_estimators=200;, score=0.577 total time= 1.6min
[CV 2/5; 15/27] START learning_rate=0.01, max_depth=5, n_estimators=200.........
[CV 2/5; 15/27] END learning_rate=0.01, max_depth=5, n_estimators=200;, score=0.595 total time= 2.7min
[CV 5/5; 19/27] START learning_rate=0.05, max_depth=3, n_estimators=50..........
[CV 5/5; 19/27] END learning_rate=0.05, max_depth=3, n_estimators=50;, score=0.584 total time=  24.5s
[CV 1/5; 22/27] START learning_rate=0.05, max_depth=5, n_estimators=50..........
[CV 1/5; 22/27] END learning_rate=0.05, max_depth=5, n_estimators=50;, score=0.592 total time=  40.5s
[CV 2/5; 23/27] START learning_rate=0.05, max_depth=5, n_estimators=100.........
[CV 2/5; 23/27] END learning_rate=0.05, max_depth=5, n_estimators=100;, score=0.609 total time= 1.3min
[CV 5/5; 25/27] START learning_rate=0.05, max_depth=7, n_estimators=50..........
[CV 5/5; 25/27] END learning_rate=0.05, max_depth=7, n_estimators=50;, score=0.593 total time=  57.1s
[I 2026-06-30 17:51:49.925 ServerApp] Saving file at /analysis/models.ipynb
[I 2026-06-30 17:52:05.382 ServerApp] Saving file at /analysis/models.ipynb
[I 2026-06-30 17:54:06.187 ServerApp] Saving file at /analysis/models.ipynb
[W 2026-06-30 17:58:37.246 ServerApp] 400 GET /api/contents/analysis/best_model.ubj?type=file&content=1&hash=1&format=text&1782835117221 (172.16.10.2): /work/ki64cah/plast-chem/analysis/best_model.ubj is not UTF-8 encoded
[W 2026-06-30 17:58:37.247 ServerApp] wrote error: '/work/ki64cah/plast-chem/analysis/best_model.ubj is not UTF-8 encoded'
    Traceback (most recent call last):
      File "/cluster/ecosystems/anaconda3/2024.10/lib/python3.12/site-packages/jupyter_server/services/contents/fileio.py", line 536, in _read_file
        (bcontent.decode("utf8"), "text", bcontent)
         ^^^^^^^^^^^^^^^^^^^^^^^
    UnicodeDecodeError: 'utf-8' codec can't decode byte 0xc9 in position 450: invalid continuation byte
    
    The above exception was the direct cause of the following exception:
    
    Traceback (most recent call last):
      File "/cluster/ecosystems/anaconda3/2024.10/lib/python3.12/site-packages/tornado/web.py", line 1790, in _execute
        result = await result
                 ^^^^^^^^^^^^
      File "/cluster/ecosystems/anaconda3/2024.10/lib/python3.12/site-packages/jupyter_server/auth/decorator.py", line 73, in inner
        return await out
               ^^^^^^^^^
      File "/cluster/ecosystems/anaconda3/2024.10/lib/python3.12/site-packages/jupyter_server/services/contents/handlers.py", line 154, in get
        model = await ensure_async(
                ^^^^^^^^^^^^^^^^^^^
      File "/cluster/ecosystems/anaconda3/2024.10/lib/python3.12/site-packages/jupyter_core/utils/__init__.py", line 198, in ensure_async
        result = await obj
                 ^^^^^^^^^
      File "/cluster/ecosystems/anaconda3/2024.10/lib/python3.12/site-packages/jupyter_server/services/contents/filemanager.py", line 926, in get
        model = await self._file_model(
                ^^^^^^^^^^^^^^^^^^^^^^^
      File "/cluster/ecosystems/anaconda3/2024.10/lib/python3.12/site-packages/jupyter_server/services/contents/filemanager.py", line 835, in _file_model
        content, format, bytes_content = await self._read_file(os_path, format, raw=True)  # type: ignore[misc]
                                         ^^^^^^^^^^^^^^^^^^^^^^^^^^^^^^^^^^^^^^^^^^^^^^^^
      File "/cluster/ecosystems/anaconda3/2024.10/lib/python3.12/site-packages/jupyter_server/services/contents/fileio.py", line 545, in _read_file
        raise HTTPError(
    tornado.web.HTTPError: HTTP 400: bad format (/work/ki64cah/plast-chem/analysis/best_model.ubj is not UTF-8 encoded)
[W 2026-06-30 17:58:37.256 ServerApp] 400 GET /api/contents/analysis/best_model.ubj?type=file&content=1&hash=1&format=text&1782835117221 (7b04a85cafdb46dcbe3e9cf90a65d303@172.16.10.2) 29.66ms referer=http://127.0.0.1:48039/lab/tree/analysis/best_model.ubj
[I 2026-06-30 17:58:47.209 ServerApp] Saving file at /analysis/models.ipynb
[I 2026-06-30 17:59:20.541 ServerApp] Starting buffering for a3c01891-ea76-4b47-b9a3-92a0c9e33001:576a7c87-b33d-4ae3-96a0-1a3af89c329e
[I 2026-06-30 17:59:20.543 ServerApp] Starting buffering for bb68ed13-19af-47e0-92c9-40f22ff9a26c:dd4e3ebc-94de-4f20-97d8-d8f79054096e
[CV 1/5; 2/27] START learning_rate=0.1, max_depth=3, n_estimators=100...........
[CV 1/5; 2/27] END learning_rate=0.1, max_depth=3, n_estimators=100;, score=0.611 total time=  48.6s
[CV 3/5; 5/27] START learning_rate=0.1, max_depth=5, n_estimators=100...........
[CV 3/5; 5/27] END learning_rate=0.1, max_depth=5, n_estimators=100;, score=0.585 total time= 1.3min
[CV 5/5; 8/27] START learning_rate=0.1, max_depth=7, n_estimators=100...........
[CV 5/5; 8/27] END learning_rate=0.1, max_depth=7, n_estimators=100;, score=0.572 total time= 1.9min
[CV 1/5; 13/27] START learning_rate=0.01, max_depth=5, n_estimators=50..........
[CV 1/5; 13/27] END learning_rate=0.01, max_depth=5, n_estimators=50;, score=0.567 total time=  40.4s
[CV 2/5; 14/27] START learning_rate=0.01, max_depth=5, n_estimators=100.........
[CV 2/5; 14/27] END learning_rate=0.01, max_depth=5, n_estimators=100;, score=0.576 total time= 1.3min
[CV 5/5; 16/27] START learning_rate=0.01, max_depth=7, n_estimators=50..........
[CV 5/5; 16/27] END learning_rate=0.01, max_depth=7, n_estimators=50;, score=0.568 total time=  57.0s
[CV 1/5; 19/27] START learning_rate=0.05, max_depth=3, n_estimators=50..........
[CV 1/5; 19/27] END learning_rate=0.05, max_depth=3, n_estimators=50;, score=0.586 total time=  24.4s
[CV 2/5; 19/27] START learning_rate=0.05, max_depth=3, n_estimators=50..........
[CV 2/5; 19/27] END learning_rate=0.05, max_depth=3, n_estimators=50;, score=0.582 total time=  24.4s
[CV 3/5; 19/27] START learning_rate=0.05, max_depth=3, n_estimators=50..........
[CV 3/5; 19/27] END learning_rate=0.05, max_depth=3, n_estimators=50;, score=0.570 total time=  24.4s
[CV 4/5; 20/27] START learning_rate=0.05, max_depth=3, n_estimators=100.........
[CV 4/5; 20/27] END learning_rate=0.05, max_depth=3, n_estimators=100;, score=0.593 total time=  48.4s
[CV 5/5; 22/27] START learning_rate=0.05, max_depth=5, n_estimators=50..........
[CV 5/5; 22/27] END learning_rate=0.05, max_depth=5, n_estimators=50;, score=0.598 total time=  40.5s
[CV 1/5; 24/27] START learning_rate=0.05, max_depth=5, n_estimators=200.........
[CV 1/5; 24/27] END learning_rate=0.05, max_depth=5, n_estimators=200;, score=0.606 total time= 2.7min
[CV 2/5; 1/27] START learning_rate=0.2, max_depth=1, n_estimators=200...........
[CV 2/5; 1/27] END learning_rate=0.2, max_depth=1, n_estimators=200;, score=0.597 total time=  33.9s
[CV 5/5; 4/27] START learning_rate=0.2, max_depth=2, n_estimators=200...........
[CV 5/5; 4/27] END learning_rate=0.2, max_depth=2, n_estimators=200;, score=0.584 total time= 1.1min
[CV 1/5; 8/27] START learning_rate=0.2, max_depth=3, n_estimators=300...........
[CV 1/5; 8/27] END learning_rate=0.2, max_depth=3, n_estimators=300;, score=0.592 total time= 2.4min
[CV 2/5; 12/27] START learning_rate=0.1, max_depth=1, n_estimators=400..........
[CV 2/5; 12/27] END learning_rate=0.1, max_depth=1, n_estimators=400;, score=0.594 total time= 1.1min
[CV 3/5; 14/27] START learning_rate=0.1, max_depth=2, n_estimators=300..........
[CV 3/5; 14/27] END learning_rate=0.1, max_depth=2, n_estimators=300;, score=0.583 total time= 1.6min
[CV 4/5; 17/27] START learning_rate=0.1, max_depth=3, n_estimators=300..........
[CV 4/5; 17/27] END learning_rate=0.1, max_depth=3, n_estimators=300;, score=0.611 total time= 2.4min
[CV 1/5; 22/27] START learning_rate=0.01, max_depth=2, n_estimators=200.........
[CV 1/5; 22/27] END learning_rate=0.01, max_depth=2, n_estimators=200;, score=0.576 total time= 1.1min
[CV 2/5; 24/27] START learning_rate=0.01, max_depth=2, n_estimators=400.........
[CV 2/5; 24/27] END learning_rate=0.01, max_depth=2, n_estimators=400;, score=0.580 total time= 2.2min
[CV 3/5; 1/27] START learning_rate=0.2, max_depth=1, n_estimators=200...........
[CV 3/5; 1/27] END learning_rate=0.2, max_depth=1, n_estimators=200;, score=0.573 total time=  33.2s
[CV 3/5; 4/27] START learning_rate=0.2, max_depth=2, n_estimators=200...........
[CV 3/5; 4/27] END learning_rate=0.2, max_depth=2, n_estimators=200;, score=0.585 total time= 1.1min
[CV 4/5; 7/27] START learning_rate=0.2, max_depth=3, n_estimators=200...........
[CV 4/5; 7/27] END learning_rate=0.2, max_depth=3, n_estimators=200;, score=0.602 total time= 1.6min
[CV 1/5; 10/27] START learning_rate=0.1, max_depth=1, n_estimators=200..........
[CV 1/5; 10/27] END learning_rate=0.1, max_depth=1, n_estimators=200;, score=0.588 total time=  33.2s
[CV 2/5; 11/27] START learning_rate=0.1, max_depth=1, n_estimators=300..........
[CV 2/5; 11/27] END learning_rate=0.1, max_depth=1, n_estimators=300;, score=0.592 total time=  49.6s
[CV 5/5; 12/27] START learning_rate=0.1, max_depth=1, n_estimators=400..........
[CV 5/5; 12/27] END learning_rate=0.1, max_depth=1, n_estimators=400;, score=0.593 total time= 1.1min
[CV 4/5; 15/27] START learning_rate=0.1, max_depth=2, n_estimators=400..........
[CV 4/5; 15/27] END learning_rate=0.1, max_depth=2, n_estimators=400;, score=0.611 total time= 2.2min
[CV 4/5; 19/27] START learning_rate=0.01, max_depth=1, n_estimators=200.........
[CV 4/5; 19/27] END learning_rate=0.01, max_depth=1, n_estimators=200;, score=0.572 total time=  33.3s
[CV 5/5; 20/27] START learning_rate=0.01, max_depth=1, n_estimators=300.........
[CV 5/5; 20/27] END learning_rate=0.01, max_depth=1, n_estimators=300;, score=0.568 total time=  49.8s
[CV 5/5; 22/27] START learning_rate=0.01, max_depth=2, n_estimators=200.........
[CV 5/5; 22/27] END learning_rate=0.01, max_depth=2, n_estimators=200;, score=0.572 total time= 1.1min
[CV 1/5; 25/27] START learning_rate=0.01, max_depth=3, n_estimators=200.........
[CV 1/5; 25/27] END learning_rate=0.01, max_depth=3, n_estimators=200;, score=0.577 total time= 1.6min
[CV 2/5; 27/27] START learning_rate=0.01, max_depth=3, n_estimators=400.........
[CV 2/5; 27/27] END learning_rate=0.01, max_depth=3, n_estimators=400;, score=0.589 total time= 2.3min
[CV 4/5; 3/27] START learning_rate=0.2, max_depth=1, n_estimators=400...........
[CV 4/5; 3/27] END learning_rate=0.2, max_depth=1, n_estimators=400;, score=0.599 total time= 1.1min
[CV 1/5; 7/27] START learning_rate=0.2, max_depth=3, n_estimators=200...........
[CV 1/5; 7/27] END learning_rate=0.2, max_depth=3, n_estimators=200;, score=0.605 total time= 1.6min
[CV 2/5; 9/27] START learning_rate=0.2, max_depth=3, n_estimators=400...........
[CV 2/5; 9/27] END learning_rate=0.2, max_depth=3, n_estimators=400;, score=0.577 total time= 3.2min
[CV 2/5; 16/27] START learning_rate=0.1, max_depth=3, n_estimators=200..........
[CV 2/5; 16/27] END learning_rate=0.1, max_depth=3, n_estimators=200;, score=0.603 total time= 1.6min
[CV 3/5; 18/27] START learning_rate=0.1, max_depth=3, n_estimators=400..........
[CV 3/5; 18/27] END learning_rate=0.1, max_depth=3, n_estimators=400;, score=0.588 total time= 3.2min
[CV 4/5; 25/27] START learning_rate=0.01, max_depth=3, n_estimators=200.........
[CV 4/5; 25/27] END learning_rate=0.01, max_depth=3, n_estimators=200;, score=0.580 total time= 1.6min
[CV 2/5; 1/27] START learning_rate=0.1, max_depth=3, n_estimators=50............
[CV 2/5; 1/27] END learning_rate=0.1, max_depth=3, n_estimators=50;, score=0.592 total time=  24.5s
[CV 2/5; 4/27] START learning_rate=0.1, max_depth=5, n_estimators=50............
[CV 2/5; 4/27] END learning_rate=0.1, max_depth=5, n_estimators=50;, score=0.603 total time=  40.6s
[CV 5/5; 6/27] START learning_rate=0.1, max_depth=5, n_estimators=200...........
[CV 5/5; 6/27] END learning_rate=0.1, max_depth=5, n_estimators=200;, score=0.581 total time= 2.7min
[CV 4/5; 11/27] START learning_rate=0.01, max_depth=3, n_estimators=100.........
[CV 4/5; 11/27] END learning_rate=0.01, max_depth=3, n_estimators=100;, score=0.569 total time=  48.6s
[CV 5/5; 13/27] START learning_rate=0.01, max_depth=5, n_estimators=50..........
[CV 5/5; 13/27] END learning_rate=0.01, max_depth=5, n_estimators=50;, score=0.566 total time=  40.5s
[CV 1/5; 15/27] START learning_rate=0.01, max_depth=5, n_estimators=200.........
[CV 1/5; 15/27] END learning_rate=0.01, max_depth=5, n_estimators=200;, score=0.592 total time= 2.7min
[CV 4/5; 19/27] START learning_rate=0.05, max_depth=3, n_estimators=50..........
[CV 4/5; 19/27] END learning_rate=0.05, max_depth=3, n_estimators=50;, score=0.583 total time=  24.5s
[CV 4/5; 21/27] START learning_rate=0.05, max_depth=3, n_estimators=200.........
[CV 4/5; 21/27] END learning_rate=0.05, max_depth=3, n_estimators=200;, score=0.601 total time= 1.6min
[CV 5/5; 24/27] START learning_rate=0.05, max_depth=5, n_estimators=200.........
[CV 5/5; 24/27] END learning_rate=0.05, max_depth=5, n_estimators=200;, score=0.589 total time= 2.6min
[CV 3/5; 1/27] START learning_rate=0.2, max_depth=1, n_estimators=200...........
[CV 3/5; 1/27] END learning_rate=0.2, max_depth=1, n_estimators=200;, score=0.573 total time=  33.9s
[CV 1/5; 5/27] START learning_rate=0.2, max_depth=2, n_estimators=300...........
[CV 1/5; 5/27] END learning_rate=0.2, max_depth=2, n_estimators=300;, score=0.623 total time= 1.6min
[CV 2/5; 8/27] START learning_rate=0.2, max_depth=3, n_estimators=300...........
[CV 2/5; 8/27] END learning_rate=0.2, max_depth=3, n_estimators=300;, score=0.580 total time= 2.4min
[CV 4/5; 12/27] START learning_rate=0.1, max_depth=1, n_estimators=400..........
[CV 4/5; 12/27] END learning_rate=0.1, max_depth=1, n_estimators=400;, score=0.595 total time= 1.1min
[CV 1/5; 15/27] START learning_rate=0.1, max_depth=2, n_estimators=400..........
[CV 1/5; 15/27] END learning_rate=0.1, max_depth=2, n_estimators=400;, score=0.615 total time= 2.2min
[CV 3/5; 19/27] START learning_rate=0.01, max_depth=1, n_estimators=200.........
[CV 3/5; 19/27] END learning_rate=0.01, max_depth=1, n_estimators=200;, score=0.567 total time=  33.4s
[CV 4/5; 20/27] START learning_rate=0.01, max_depth=1, n_estimators=300.........
[CV 4/5; 20/27] END learning_rate=0.01, max_depth=1, n_estimators=300;, score=0.574 total time=  50.0s
[CV 5/5; 22/27] START learning_rate=0.01, max_depth=2, n_estimators=200.........
[CV 5/5; 22/27] END learning_rate=0.01, max_depth=2, n_estimators=200;, score=0.572 total time= 1.1min
[CV 1/5; 25/27] START learning_rate=0.01, max_depth=3, n_estimators=200.........
[CV 1/5; 25/27] END learning_rate=0.01, max_depth=3, n_estimators=200;, score=0.577 total time= 1.6min
[CV 2/5; 27/27] START learning_rate=0.01, max_depth=3, n_estimators=400.........
[CV 2/5; 27/27] END learning_rate=0.01, max_depth=3, n_estimators=400;, score=0.589 total time= 2.1min
[CV 2/5; 3/27] START learning_rate=0.2, max_depth=1, n_estimators=400...........
[CV 2/5; 3/27] END learning_rate=0.2, max_depth=1, n_estimators=400;, score=0.594 total time= 1.1min
[CV 4/5; 6/27] START learning_rate=0.2, max_depth=2, n_estimators=400...........
[CV 4/5; 6/27] END learning_rate=0.2, max_depth=2, n_estimators=400;, score=0.617 total time= 2.2min
[CV 5/5; 10/27] START learning_rate=0.1, max_depth=1, n_estimators=200..........
[CV 5/5; 10/27] END learning_rate=0.1, max_depth=1, n_estimators=200;, score=0.581 total time=  33.2s
[CV 1/5; 12/27] START learning_rate=0.1, max_depth=1, n_estimators=400..........
[CV 1/5; 12/27] END learning_rate=0.1, max_depth=1, n_estimators=400;, score=0.600 total time= 1.1min
[CV 2/5; 14/27] START learning_rate=0.1, max_depth=2, n_estimators=300..........
[CV 2/5; 14/27] END learning_rate=0.1, max_depth=2, n_estimators=300;, score=0.600 total time= 1.6min
[CV 3/5; 17/27] START learning_rate=0.1, max_depth=3, n_estimators=300..........
[CV 3/5; 17/27] END learning_rate=0.1, max_depth=3, n_estimators=300;, score=0.591 total time= 2.4min
[CV 5/5; 21/27] START learning_rate=0.01, max_depth=1, n_estimators=400.........
[CV 5/5; 21/27] END learning_rate=0.01, max_depth=1, n_estimators=400;, score=0.569 total time= 1.1min
[CV 1/5; 24/27] START learning_rate=0.01, max_depth=2, n_estimators=400.........
[CV 1/5; 24/27] END learning_rate=0.01, max_depth=2, n_estimators=400;, score=0.579 total time= 2.2min
[CV 4/5; 27/27] START learning_rate=0.01, max_depth=3, n_estimators=400.........
[CV 4/5; 27/27] END learning_rate=0.01, max_depth=3, n_estimators=400;, score=0.587 total time= 2.2min
[CV 5/5; 3/27] START learning_rate=0.2, max_depth=1, n_estimators=400...........
[CV 5/5; 3/27] END learning_rate=0.2, max_depth=1, n_estimators=400;, score=0.590 total time= 1.1min
[CV 2/5; 7/27] START learning_rate=0.2, max_depth=3, n_estimators=200...........
[CV 2/5; 7/27] END learning_rate=0.2, max_depth=3, n_estimators=200;, score=0.595 total time= 1.6min
[CV 3/5; 9/27] START learning_rate=0.2, max_depth=3, n_estimators=400...........
[CV 3/5; 9/27] END learning_rate=0.2, max_depth=3, n_estimators=400;, score=0.583 total time= 3.2min
[CV 3/5; 16/27] START learning_rate=0.1, max_depth=3, n_estimators=200..........
[CV 3/5; 16/27] END learning_rate=0.1, max_depth=3, n_estimators=200;, score=0.583 total time= 1.6min
[CV 4/5; 18/27] START learning_rate=0.1, max_depth=3, n_estimators=400..........
[CV 4/5; 18/27] END learning_rate=0.1, max_depth=3, n_estimators=400;, score=0.608 total time= 3.2min
[CV 5/5; 25/27] START learning_rate=0.01, max_depth=3, n_estimators=200.........
[CV 5/5; 25/27] END learning_rate=0.01, max_depth=3, n_estimators=200;, score=0.577 total time= 1.6min
[CV 2/5; 3/27] START learning_rate=0.1, max_depth=3, n_estimators=200...........
[CV 2/5; 3/27] END learning_rate=0.1, max_depth=3, n_estimators=200;, score=0.603 total time= 1.6min
[CV 1/5; 8/27] START learning_rate=0.1, max_depth=7, n_estimators=100...........
[CV 1/5; 8/27] END learning_rate=0.1, max_depth=7, n_estimators=100;, score=0.600 total time= 1.9min
[CV 1/5; 11/27] START learning_rate=0.01, max_depth=3, n_estimators=100.........
[CV 1/5; 11/27] END learning_rate=0.01, max_depth=3, n_estimators=100;, score=0.570 total time=  49.1s
[CV 2/5; 13/27] START learning_rate=0.01, max_depth=5, n_estimators=50..........
[CV 2/5; 13/27] END learning_rate=0.01, max_depth=5, n_estimators=50;, score=0.565 total time=  41.0s
[CV 3/5; 14/27] START learning_rate=0.01, max_depth=5, n_estimators=100.........
[CV 3/5; 14/27] END learning_rate=0.01, max_depth=5, n_estimators=100;, score=0.570 total time= 1.4min
[CV 4/5; 17/27] START learning_rate=0.01, max_depth=7, n_estimators=100.........
[CV 4/5; 17/27] END learning_rate=0.01, max_depth=7, n_estimators=100;, score=0.578 total time= 1.9min
[CV 3/5; 21/27] START learning_rate=0.05, max_depth=3, n_estimators=200.........
[CV 3/5; 21/27] END learning_rate=0.05, max_depth=3, n_estimators=200;, score=0.583 total time= 1.6min
[CV 4/5; 24/27] START learning_rate=0.05, max_depth=5, n_estimators=200.........
[CV 4/5; 24/27] END learning_rate=0.05, max_depth=5, n_estimators=200;, score=0.604 total time= 2.7min
[CV 4/5; 2/27] START learning_rate=0.2, max_depth=1, n_estimators=300...........
[CV 4/5; 2/27] END learning_rate=0.2, max_depth=1, n_estimators=300;, score=0.596 total time=  50.0s
[CV 4/5; 5/27] START learning_rate=0.2, max_depth=2, n_estimators=300...........
[CV 4/5; 5/27] END learning_rate=0.2, max_depth=2, n_estimators=300;, score=0.616 total time= 1.6min
[CV 5/5; 8/27] START learning_rate=0.2, max_depth=3, n_estimators=300...........
[CV 5/5; 8/27] END learning_rate=0.2, max_depth=3, n_estimators=300;, score=0.581 total time= 2.4min
[CV 1/5; 14/27] START learning_rate=0.1, max_depth=2, n_estimators=300..........
[CV 1/5; 14/27] END learning_rate=0.1, max_depth=2, n_estimators=300;, score=0.614 total time= 1.6min
[CV 2/5; 17/27] START learning_rate=0.1, max_depth=3, n_estimators=300..........
[CV 2/5; 17/27] END learning_rate=0.1, max_depth=3, n_estimators=300;, score=0.594 total time= 2.4min
[CV 4/5; 21/27] START learning_rate=0.01, max_depth=1, n_estimators=400.........
[CV 4/5; 21/27] END learning_rate=0.01, max_depth=1, n_estimators=400;, score=0.575 total time= 1.1min
[CV 5/5; 23/27] START learning_rate=0.01, max_depth=2, n_estimators=300.........
[CV 5/5; 23/27] END learning_rate=0.01, max_depth=2, n_estimators=300;, score=0.577 total time= 1.6min
[CV 1/5; 27/27] START learning_rate=0.01, max_depth=3, n_estimators=400.........
[CV 1/5; 27/27] END learning_rate=0.01, max_depth=3, n_estimators=400;, score=0.595 total time= 2.5min
[CV 3/5; 3/27] START learning_rate=0.2, max_depth=1, n_estimators=400...........
[CV 3/5; 3/27] END learning_rate=0.2, max_depth=1, n_estimators=400;, score=0.577 total time= 1.1min
[CV 1/5; 7/27] START learning_rate=0.2, max_depth=3, n_estimators=200...........
[CV 1/5; 7/27] END learning_rate=0.2, max_depth=3, n_estimators=200;, score=0.605 total time= 1.6min
[CV 2/5; 9/27] START learning_rate=0.2, max_depth=3, n_estimators=400...........
[CV 2/5; 9/27] END learning_rate=0.2, max_depth=3, n_estimators=400;, score=0.577 total time= 3.2min
[CV 2/5; 16/27] START learning_rate=0.1, max_depth=3, n_estimators=200..........
[CV 2/5; 16/27] END learning_rate=0.1, max_depth=3, n_estimators=200;, score=0.603 total time= 1.6min
[CV 3/5; 18/27] START learning_rate=0.1, max_depth=3, n_estimators=400..........
[CV 3/5; 18/27] END learning_rate=0.1, max_depth=3, n_estimators=400;, score=0.588 total time= 3.2min
[CV 4/5; 25/27] START learning_rate=0.01, max_depth=3, n_estimators=200.........
[CV 4/5; 25/27] END learning_rate=0.01, max_depth=3, n_estimators=200;, score=0.580 total time= 1.6min
[CV 1/5; 1/27] START learning_rate=0.2, max_depth=1, n_estimators=200...........
[CV 1/5; 1/27] END learning_rate=0.2, max_depth=1, n_estimators=200;, score=0.598 total time=  33.8s
[CV 5/5; 4/27] START learning_rate=0.2, max_depth=2, n_estimators=200...........
[CV 5/5; 4/27] END learning_rate=0.2, max_depth=2, n_estimators=200;, score=0.584 total time= 1.1min
[CV 1/5; 8/27] START learning_rate=0.2, max_depth=3, n_estimators=300...........
[CV 1/5; 8/27] END learning_rate=0.2, max_depth=3, n_estimators=300;, score=0.592 total time= 2.4min
[CV 2/5; 12/27] START learning_rate=0.1, max_depth=1, n_estimators=400..........
[CV 2/5; 12/27] END learning_rate=0.1, max_depth=1, n_estimators=400;, score=0.594 total time= 1.1min
[CV 3/5; 14/27] START learning_rate=0.1, max_depth=2, n_estimators=300..........
[CV 3/5; 14/27] END learning_rate=0.1, max_depth=2, n_estimators=300;, score=0.583 total time= 1.6min
[CV 4/5; 17/27] START learning_rate=0.1, max_depth=3, n_estimators=300..........
[CV 4/5; 17/27] END learning_rate=0.1, max_depth=3, n_estimators=300;, score=0.611 total time= 2.4min
[CV 1/5; 22/27] START learning_rate=0.01, max_depth=2, n_estimators=200.........
[CV 1/5; 22/27] END learning_rate=0.01, max_depth=2, n_estimators=200;, score=0.576 total time= 1.1min
[CV 2/5; 24/27] START learning_rate=0.01, max_depth=2, n_estimators=400.........
[CV 2/5; 24/27] END learning_rate=0.01, max_depth=2, n_estimators=400;, score=0.580 total time= 2.2min
[CV 1/5; 1/27] START learning_rate=0.1, max_depth=3, n_estimators=50............
[CV 1/5; 1/27] END learning_rate=0.1, max_depth=3, n_estimators=50;, score=0.603 total time=  24.7s
[CV 5/5; 4/27] START learning_rate=0.1, max_depth=5, n_estimators=50............
[CV 5/5; 4/27] END learning_rate=0.1, max_depth=5, n_estimators=50;, score=0.587 total time=  40.8s
[CV 1/5; 7/27] START learning_rate=0.1, max_depth=7, n_estimators=50............
[CV 1/5; 7/27] END learning_rate=0.1, max_depth=7, n_estimators=50;, score=0.608 total time=  57.1s
[CV 4/5; 8/27] START learning_rate=0.1, max_depth=7, n_estimators=100...........
[CV 4/5; 8/27] END learning_rate=0.1, max_depth=7, n_estimators=100;, score=0.605 total time= 1.9min
[CV 5/5; 12/27] START learning_rate=0.01, max_depth=3, n_estimators=200.........
[CV 5/5; 12/27] END learning_rate=0.01, max_depth=3, n_estimators=200;, score=0.577 total time= 1.6min
[CV 1/5; 16/27] START learning_rate=0.01, max_depth=7, n_estimators=50..........
[CV 1/5; 16/27] END learning_rate=0.01, max_depth=7, n_estimators=50;, score=0.567 total time=  57.3s
[CV 1/5; 18/27] START learning_rate=0.01, max_depth=7, n_estimators=200.........
[CV 1/5; 18/27] END learning_rate=0.01, max_depth=7, n_estimators=200;, score=0.589 total time= 3.8min
[CV 2/5; 25/27] START learning_rate=0.05, max_depth=7, n_estimators=50..........
[CV 2/5; 25/27] END learning_rate=0.05, max_depth=7, n_estimators=50;, score=0.602 total time=  57.3s
[CV 3/5; 27/27] START learning_rate=0.05, max_depth=7, n_estimators=200.........
[CV 3/5; 27/27] END learning_rate=0.05, max_depth=7, n_estimators=200;, score=0.583 total time= 2.8min
[CV 4/5; 3/27] START learning_rate=0.2, max_depth=1, n_estimators=400...........
[CV 4/5; 3/27] END learning_rate=0.2, max_depth=1, n_estimators=400;, score=0.599 total time= 1.1min
[CV 1/5; 7/27] START learning_rate=0.2, max_depth=3, n_estimators=200...........
[CV 1/5; 7/27] END learning_rate=0.2, max_depth=3, n_estimators=200;, score=0.605 total time= 1.6min
[CV 2/5; 9/27] START learning_rate=0.2, max_depth=3, n_estimators=400...........
[CV 2/5; 9/27] END learning_rate=0.2, max_depth=3, n_estimators=400;, score=0.577 total time= 3.2min
[CV 3/5; 16/27] START learning_rate=0.1, max_depth=3, n_estimators=200..........
[CV 3/5; 16/27] END learning_rate=0.1, max_depth=3, n_estimators=200;, score=0.583 total time= 1.6min
[CV 4/5; 18/27] START learning_rate=0.1, max_depth=3, n_estimators=400..........
[CV 4/5; 18/27] END learning_rate=0.1, max_depth=3, n_estimators=400;, score=0.608 total time= 3.2min
[CV 5/5; 25/27] START learning_rate=0.01, max_depth=3, n_estimators=200.........
[CV 5/5; 25/27] END learning_rate=0.01, max_depth=3, n_estimators=200;, score=0.577 total time= 1.6min
[CV 2/5; 1/27] START learning_rate=0.2, max_depth=1, n_estimators=200...........
[CV 2/5; 1/27] END learning_rate=0.2, max_depth=1, n_estimators=200;, score=0.597 total time=  33.4s
[CV 4/5; 4/27] START learning_rate=0.2, max_depth=2, n_estimators=200...........
[CV 4/5; 4/27] END learning_rate=0.2, max_depth=2, n_estimators=200;, score=0.613 total time= 1.1min
[CV 5/5; 7/27] START learning_rate=0.2, max_depth=3, n_estimators=200...........
[CV 5/5; 7/27] END learning_rate=0.2, max_depth=3, n_estimators=200;, score=0.583 total time= 1.6min
[CV 3/5; 10/27] START learning_rate=0.1, max_depth=1, n_estimators=200..........
[CV 3/5; 10/27] END learning_rate=0.1, max_depth=1, n_estimators=200;, score=0.570 total time=  33.3s
[CV 4/5; 11/27] START learning_rate=0.1, max_depth=1, n_estimators=300..........
[CV 4/5; 11/27] END learning_rate=0.1, max_depth=1, n_estimators=300;, score=0.599 total time=  49.9s
[CV 2/5; 13/27] START learning_rate=0.1, max_depth=2, n_estimators=200..........
[CV 2/5; 13/27] END learning_rate=0.1, max_depth=2, n_estimators=200;, score=0.600 total time= 1.1min
[CV 2/5; 15/27] START learning_rate=0.1, max_depth=2, n_estimators=400..........
[CV 2/5; 15/27] END learning_rate=0.1, max_depth=2, n_estimators=400;, score=0.595 total time= 2.2min
[CV 3/5; 19/27] START learning_rate=0.01, max_depth=1, n_estimators=200.........
[CV 3/5; 19/27] END learning_rate=0.01, max_depth=1, n_estimators=200;, score=0.567 total time=  33.4s
[CV 4/5; 20/27] START learning_rate=0.01, max_depth=1, n_estimators=300.........
[CV 4/5; 20/27] END learning_rate=0.01, max_depth=1, n_estimators=300;, score=0.574 total time=  49.8s
[CV 4/5; 22/27] START learning_rate=0.01, max_depth=2, n_estimators=200.........
[CV 4/5; 22/27] END learning_rate=0.01, max_depth=2, n_estimators=200;, score=0.574 total time= 1.1min
[CV 5/5; 24/27] START learning_rate=0.01, max_depth=2, n_estimators=400.........
[CV 5/5; 24/27] END learning_rate=0.01, max_depth=2, n_estimators=400;, score=0.583 total time= 2.1min
[CV 3/5; 1/27] START learning_rate=0.2, max_depth=1, n_estimators=200...........
[CV 3/5; 1/27] END learning_rate=0.2, max_depth=1, n_estimators=200;, score=0.573 total time=  33.8s
[CV 1/5; 5/27] START learning_rate=0.2, max_depth=2, n_estimators=300...........
[CV 1/5; 5/27] END learning_rate=0.2, max_depth=2, n_estimators=300;, score=0.623 total time= 1.6min
[CV 2/5; 8/27] START learning_rate=0.2, max_depth=3, n_estimators=300...........
[CV 2/5; 8/27] END learning_rate=0.2, max_depth=3, n_estimators=300;, score=0.580 total time= 2.4min
[CV 4/5; 12/27] START learning_rate=0.1, max_depth=1, n_estimators=400..........
[CV 4/5; 12/27] END learning_rate=0.1, max_depth=1, n_estimators=400;, score=0.595 total time= 1.1min
[CV 1/5; 15/27] START learning_rate=0.1, max_depth=2, n_estimators=400..........
[CV 1/5; 15/27] END learning_rate=0.1, max_depth=2, n_estimators=400;, score=0.615 total time= 2.2min
[CV 2/5; 19/27] START learning_rate=0.01, max_depth=1, n_estimators=200.........
[CV 2/5; 19/27] END learning_rate=0.01, max_depth=1, n_estimators=200;, score=0.568 total time=  33.4s
[CV 3/5; 20/27] START learning_rate=0.01, max_depth=1, n_estimators=300.........
[CV 3/5; 20/27] END learning_rate=0.01, max_depth=1, n_estimators=300;, score=0.564 total time=  49.9s
[CV 3/5; 22/27] START learning_rate=0.01, max_depth=2, n_estimators=200.........
[CV 3/5; 22/27] END learning_rate=0.01, max_depth=2, n_estimators=200;, score=0.567 total time= 1.1min
[CV 3/5; 24/27] START learning_rate=0.01, max_depth=2, n_estimators=400.........
[CV 3/5; 24/27] END learning_rate=0.01, max_depth=2, n_estimators=400;, score=0.567 total time= 2.1min
[CV 2/5; 2/27] START learning_rate=0.1, max_depth=3, n_estimators=100...........
[CV 2/5; 2/27] END learning_rate=0.1, max_depth=3, n_estimators=100;, score=0.600 total time=  48.8s
[CV 2/5; 6/27] START learning_rate=0.1, max_depth=5, n_estimators=200...........
[CV 2/5; 6/27] END learning_rate=0.1, max_depth=5, n_estimators=200;, score=0.597 total time= 2.7min
[CV 5/5; 10/27] START learning_rate=0.01, max_depth=3, n_estimators=50..........
[CV 5/5; 10/27] END learning_rate=0.01, max_depth=3, n_estimators=50;, score=0.566 total time=  24.6s
[CV 4/5; 12/27] START learning_rate=0.01, max_depth=3, n_estimators=200.........
[CV 4/5; 12/27] END learning_rate=0.01, max_depth=3, n_estimators=200;, score=0.580 total time= 1.6min
[CV 5/5; 15/27] START learning_rate=0.01, max_depth=5, n_estimators=200.........
[CV 5/5; 15/27] END learning_rate=0.01, max_depth=5, n_estimators=200;, score=0.592 total time= 2.7min
[CV 2/5; 21/27] START learning_rate=0.05, max_depth=3, n_estimators=200.........
[CV 2/5; 21/27] END learning_rate=0.05, max_depth=3, n_estimators=200;, score=0.600 total time= 1.6min
[CV 3/5; 24/27] START learning_rate=0.05, max_depth=5, n_estimators=200.........
[CV 3/5; 24/27] END learning_rate=0.05, max_depth=5, n_estimators=200;, score=0.586 total time= 2.7min
[CV 1/5; 2/27] START learning_rate=0.2, max_depth=1, n_estimators=300...........
[CV 1/5; 2/27] END learning_rate=0.2, max_depth=1, n_estimators=300;, score=0.598 total time=  50.1s
[CV 5/5; 5/27] START learning_rate=0.2, max_depth=2, n_estimators=300...........
[CV 5/5; 5/27] END learning_rate=0.2, max_depth=2, n_estimators=300;, score=0.581 total time= 1.6min
[CV 1/5; 9/27] START learning_rate=0.2, max_depth=3, n_estimators=400...........
[CV 1/5; 9/27] END learning_rate=0.2, max_depth=3, n_estimators=400;, score=0.580 total time= 3.2min
[CV 5/5; 14/27] START learning_rate=0.1, max_depth=2, n_estimators=300..........
[CV 5/5; 14/27] END learning_rate=0.1, max_depth=2, n_estimators=300;, score=0.592 total time= 1.6min
[CV 1/5; 18/27] START learning_rate=0.1, max_depth=3, n_estimators=400..........
[CV 1/5; 18/27] END learning_rate=0.1, max_depth=3, n_estimators=400;, score=0.608 total time= 3.2min
[CV 2/5; 25/27] START learning_rate=0.01, max_depth=3, n_estimators=200.........
[CV 2/5; 25/27] END learning_rate=0.01, max_depth=3, n_estimators=200;, score=0.579 total time= 1.6min
[CV 3/5; 27/27] START learning_rate=0.01, max_depth=3, n_estimators=400.........
[CV 3/5; 27/27] END learning_rate=0.01, max_depth=3, n_estimators=400;, score=0.579 total time= 2.0min
[CV 4/5; 3/27] START learning_rate=0.2, max_depth=1, n_estimators=400...........
[CV 4/5; 3/27] END learning_rate=0.2, max_depth=1, n_estimators=400;, score=0.599 total time= 1.1min
[CV 2/5; 7/27] START learning_rate=0.2, max_depth=3, n_estimators=200...........
[CV 2/5; 7/27] END learning_rate=0.2, max_depth=3, n_estimators=200;, score=0.595 total time= 1.6min
[CV 3/5; 9/27] START learning_rate=0.2, max_depth=3, n_estimators=400...........
[CV 3/5; 9/27] END learning_rate=0.2, max_depth=3, n_estimators=400;, score=0.583 total time= 3.2min
[CV 4/5; 16/27] START learning_rate=0.1, max_depth=3, n_estimators=200..........
[CV 4/5; 16/27] END learning_rate=0.1, max_depth=3, n_estimators=200;, score=0.611 total time= 1.6min
[CV 5/5; 18/27] START learning_rate=0.1, max_depth=3, n_estimators=400..........
[CV 5/5; 18/27] END learning_rate=0.1, max_depth=3, n_estimators=400;, score=0.584 total time= 3.2min
[CV 1/5; 26/27] START learning_rate=0.01, max_depth=3, n_estimators=300.........
[CV 1/5; 26/27] END learning_rate=0.01, max_depth=3, n_estimators=300;, score=0.594 total time= 2.1min
[CV 2/5; 2/27] START learning_rate=0.2, max_depth=1, n_estimators=300...........
[CV 2/5; 2/27] END learning_rate=0.2, max_depth=1, n_estimators=300;, score=0.602 total time=  50.0s
[CV 1/5; 6/27] START learning_rate=0.2, max_depth=2, n_estimators=400...........
[CV 1/5; 6/27] END learning_rate=0.2, max_depth=2, n_estimators=400;, score=0.603 total time= 2.2min
[CV 4/5; 9/27] START learning_rate=0.2, max_depth=3, n_estimators=400...........
[CV 4/5; 9/27] END learning_rate=0.2, max_depth=3, n_estimators=400;, score=0.604 total time= 3.2min
[CV 5/5; 16/27] START learning_rate=0.1, max_depth=3, n_estimators=200..........
[CV 5/5; 16/27] END learning_rate=0.1, max_depth=3, n_estimators=200;, score=0.592 total time= 1.6min
[CV 1/5; 19/27] START learning_rate=0.01, max_depth=1, n_estimators=200.........
[CV 1/5; 19/27] END learning_rate=0.01, max_depth=1, n_estimators=200;, score=0.568 total time=  33.4s
[CV 2/5; 20/27] START learning_rate=0.01, max_depth=1, n_estimators=300.........
[CV 2/5; 20/27] END learning_rate=0.01, max_depth=1, n_estimators=300;, score=0.571 total time=  49.9s
[CV 2/5; 22/27] START learning_rate=0.01, max_depth=2, n_estimators=200.........
[CV 2/5; 22/27] END learning_rate=0.01, max_depth=2, n_estimators=200;, score=0.573 total time= 1.1min
[CV 4/5; 24/27] START learning_rate=0.01, max_depth=2, n_estimators=400.........
[CV 4/5; 24/27] END learning_rate=0.01, max_depth=2, n_estimators=400;, score=0.589 total time= 2.2min
[CV 5/5; 3/27] START learning_rate=0.1, max_depth=3, n_estimators=200...........
[CV 5/5; 3/27] END learning_rate=0.1, max_depth=3, n_estimators=200;, score=0.592 total time= 1.6min
[CV 4/5; 7/27] START learning_rate=0.1, max_depth=7, n_estimators=50............
[CV 4/5; 7/27] END learning_rate=0.1, max_depth=7, n_estimators=50;, score=0.602 total time=  57.0s
[CV 4/5; 9/27] START learning_rate=0.1, max_depth=7, n_estimators=200...........
[CV 4/5; 9/27] END learning_rate=0.1, max_depth=7, n_estimators=200;, score=0.608 total time= 3.8min
[CV 2/5; 17/27] START learning_rate=0.01, max_depth=7, n_estimators=100.........
[CV 2/5; 17/27] END learning_rate=0.01, max_depth=7, n_estimators=100;, score=0.580 total time= 1.9min
[CV 5/5; 20/27] START learning_rate=0.05, max_depth=3, n_estimators=100.........
[CV 5/5; 20/27] END learning_rate=0.05, max_depth=3, n_estimators=100;, score=0.596 total time=  48.6s
[CV 1/5; 23/27] START learning_rate=0.05, max_depth=5, n_estimators=100.........
[CV 1/5; 23/27] END learning_rate=0.05, max_depth=5, n_estimators=100;, score=0.605 total time= 1.3min
[CV 4/5; 25/27] START learning_rate=0.05, max_depth=7, n_estimators=50..........
[CV 4/5; 25/27] END learning_rate=0.05, max_depth=7, n_estimators=50;, score=0.599 total time=  57.2s
[CV 5/5; 27/27] START learning_rate=0.05, max_depth=7, n_estimators=200.........
[CV 5/5; 27/27] END learning_rate=0.05, max_depth=7, n_estimators=200;, score=0.574 total time= 2.7min
[CV 5/5; 3/27] START learning_rate=0.2, max_depth=1, n_estimators=400...........
[CV 5/5; 3/27] END learning_rate=0.2, max_depth=1, n_estimators=400;, score=0.590 total time= 1.1min
[CV 5/5; 6/27] START learning_rate=0.2, max_depth=2, n_estimators=400...........
[CV 5/5; 6/27] END learning_rate=0.2, max_depth=2, n_estimators=400;, score=0.584 total time= 2.2min
[CV 1/5; 11/27] START learning_rate=0.1, max_depth=1, n_estimators=300..........
[CV 1/5; 11/27] END learning_rate=0.1, max_depth=1, n_estimators=300;, score=0.594 total time=  50.0s
[CV 3/5; 12/27] START learning_rate=0.1, max_depth=1, n_estimators=400..........
[CV 3/5; 12/27] END learning_rate=0.1, max_depth=1, n_estimators=400;, score=0.576 total time= 1.1min
[CV 4/5; 14/27] START learning_rate=0.1, max_depth=2, n_estimators=300..........
[CV 4/5; 14/27] END learning_rate=0.1, max_depth=2, n_estimators=300;, score=0.607 total time= 1.6min
[CV 5/5; 17/27] START learning_rate=0.1, max_depth=3, n_estimators=300..........
[CV 5/5; 17/27] END learning_rate=0.1, max_depth=3, n_estimators=300;, score=0.587 total time= 2.4min
[CV 3/5; 22/27] START learning_rate=0.01, max_depth=2, n_estimators=200.........
[CV 3/5; 22/27] END learning_rate=0.01, max_depth=2, n_estimators=200;, score=0.567 total time= 1.1min
[CV 5/5; 24/27] START learning_rate=0.01, max_depth=2, n_estimators=400.........
[CV 5/5; 24/27] END learning_rate=0.01, max_depth=2, n_estimators=400;, score=0.583 total time= 2.2min
[CV 1/5; 2/27] START learning_rate=0.2, max_depth=1, n_estimators=300...........
[CV 1/5; 2/27] END learning_rate=0.2, max_depth=1, n_estimators=300;, score=0.598 total time=  49.9s
[CV 3/5; 5/27] START learning_rate=0.2, max_depth=2, n_estimators=300...........
[CV 3/5; 5/27] END learning_rate=0.2, max_depth=2, n_estimators=300;, score=0.591 total time= 1.6min
[CV 4/5; 8/27] START learning_rate=0.2, max_depth=3, n_estimators=300...........
[CV 4/5; 8/27] END learning_rate=0.2, max_depth=3, n_estimators=300;, score=0.602 total time= 2.4min
[CV 5/5; 13/27] START learning_rate=0.1, max_depth=2, n_estimators=200..........
[CV 5/5; 13/27] END learning_rate=0.1, max_depth=2, n_estimators=200;, score=0.595 total time= 1.1min
[CV 3/5; 16/27] START learning_rate=0.1, max_depth=3, n_estimators=200..........
[CV 3/5; 16/27] END learning_rate=0.1, max_depth=3, n_estimators=200;, score=0.583 total time= 1.6min
[CV 4/5; 18/27] START learning_rate=0.1, max_depth=3, n_estimators=400..........
[CV 4/5; 18/27] END learning_rate=0.1, max_depth=3, n_estimators=400;, score=0.608 total time= 3.2min
[CV 5/5; 25/27] START learning_rate=0.01, max_depth=3, n_estimators=200.........
[CV 5/5; 25/27] END learning_rate=0.01, max_depth=3, n_estimators=200;, score=0.577 total time= 1.6min
[CV 2/5; 1/27] START learning_rate=0.2, max_depth=1, n_estimators=200...........
[CV 2/5; 1/27] END learning_rate=0.2, max_depth=1, n_estimators=200;, score=0.597 total time=  33.3s
[CV 3/5; 4/27] START learning_rate=0.2, max_depth=2, n_estimators=200...........
[CV 3/5; 4/27] END learning_rate=0.2, max_depth=2, n_estimators=200;, score=0.585 total time= 1.1min
[CV 4/5; 7/27] START learning_rate=0.2, max_depth=3, n_estimators=200...........
[CV 4/5; 7/27] END learning_rate=0.2, max_depth=3, n_estimators=200;, score=0.602 total time= 1.6min
[CV 2/5; 10/27] START learning_rate=0.1, max_depth=1, n_estimators=200..........
[CV 2/5; 10/27] END learning_rate=0.1, max_depth=1, n_estimators=200;, score=0.583 total time=  33.4s
[CV 3/5; 11/27] START learning_rate=0.1, max_depth=1, n_estimators=300..........
[CV 3/5; 11/27] END learning_rate=0.1, max_depth=1, n_estimators=300;, score=0.568 total time=  49.9s
[CV 1/5; 13/27] START learning_rate=0.1, max_depth=2, n_estimators=200..........
[CV 1/5; 13/27] END learning_rate=0.1, max_depth=2, n_estimators=200;, score=0.615 total time= 1.1min
[CV 2/5; 15/27] START learning_rate=0.1, max_depth=2, n_estimators=400..........
[CV 2/5; 15/27] END learning_rate=0.1, max_depth=2, n_estimators=400;, score=0.595 total time= 2.2min
[CV 3/5; 19/27] START learning_rate=0.01, max_depth=1, n_estimators=200.........
[CV 3/5; 19/27] END learning_rate=0.01, max_depth=1, n_estimators=200;, score=0.567 total time=  33.2s
[CV 4/5; 20/27] START learning_rate=0.01, max_depth=1, n_estimators=300.........
[CV 4/5; 20/27] END learning_rate=0.01, max_depth=1, n_estimators=300;, score=0.574 total time=  49.8s
[CV 4/5; 22/27] START learning_rate=0.01, max_depth=2, n_estimators=200.........
[CV 4/5; 22/27] END learning_rate=0.01, max_depth=2, n_estimators=200;, score=0.574 total time= 1.1min
[CV 5/5; 24/27] START learning_rate=0.01, max_depth=2, n_estimators=400.........
[CV 5/5; 24/27] END learning_rate=0.01, max_depth=2, n_estimators=400;, score=0.583 total time= 2.2min
[CV 1/5; 4/27] START learning_rate=0.1, max_depth=5, n_estimators=50............
[CV 1/5; 4/27] END learning_rate=0.1, max_depth=5, n_estimators=50;, score=0.609 total time=  40.6s
[CV 2/5; 5/27] START learning_rate=0.1, max_depth=5, n_estimators=100...........
[CV 2/5; 5/27] END learning_rate=0.1, max_depth=5, n_estimators=100;, score=0.606 total time= 1.3min
[CV 3/5; 8/27] START learning_rate=0.1, max_depth=7, n_estimators=100...........
[CV 3/5; 8/27] END learning_rate=0.1, max_depth=7, n_estimators=100;, score=0.588 total time= 1.9min
[CV 3/5; 12/27] START learning_rate=0.01, max_depth=3, n_estimators=200.........
[CV 3/5; 12/27] END learning_rate=0.01, max_depth=3, n_estimators=200;, score=0.571 total time= 1.6min
[CV 4/5; 15/27] START learning_rate=0.01, max_depth=5, n_estimators=200.........
[CV 4/5; 15/27] END learning_rate=0.01, max_depth=5, n_estimators=200;, score=0.592 total time= 2.7min
[CV 2/5; 20/27] START learning_rate=0.05, max_depth=3, n_estimators=100.........
[CV 2/5; 20/27] END learning_rate=0.05, max_depth=3, n_estimators=100;, score=0.592 total time=  48.6s
[CV 3/5; 22/27] START learning_rate=0.05, max_depth=5, n_estimators=50..........
[CV 3/5; 22/27] END learning_rate=0.05, max_depth=5, n_estimators=50;, score=0.579 total time=  40.5s
[CV 4/5; 23/27] START learning_rate=0.05, max_depth=5, n_estimators=100.........
[CV 4/5; 23/27] END learning_rate=0.05, max_depth=5, n_estimators=100;, score=0.595 total time= 1.3min
[CV 1/5; 27/27] START learning_rate=0.05, max_depth=7, n_estimators=200.........
[CV 1/5; 27/27] END learning_rate=0.05, max_depth=7, n_estimators=200;, score=0.600 total time= 2.8min
[CV 1/5; 3/27] START learning_rate=0.2, max_depth=1, n_estimators=400...........
[CV 1/5; 3/27] END learning_rate=0.2, max_depth=1, n_estimators=400;, score=0.609 total time= 1.1min
[CV 4/5; 6/27] START learning_rate=0.2, max_depth=2, n_estimators=400...........
[CV 4/5; 6/27] END learning_rate=0.2, max_depth=2, n_estimators=400;, score=0.617 total time= 2.2min
[CV 5/5; 10/27] START learning_rate=0.1, max_depth=1, n_estimators=200..........
[CV 5/5; 10/27] END learning_rate=0.1, max_depth=1, n_estimators=200;, score=0.581 total time=  33.3s
[CV 1/5; 12/27] START learning_rate=0.1, max_depth=1, n_estimators=400..........
[CV 1/5; 12/27] END learning_rate=0.1, max_depth=1, n_estimators=400;, score=0.600 total time= 1.1min
[CV 2/5; 14/27] START learning_rate=0.1, max_depth=2, n_estimators=300..........
[CV 2/5; 14/27] END learning_rate=0.1, max_depth=2, n_estimators=300;, score=0.600 total time= 1.6min
[CV 3/5; 17/27] START learning_rate=0.1, max_depth=3, n_estimators=300..........
[CV 3/5; 17/27] END learning_rate=0.1, max_depth=3, n_estimators=300;, score=0.591 total time= 2.4min
[CV 5/5; 21/27] START learning_rate=0.01, max_depth=1, n_estimators=400.........
[CV 5/5; 21/27] END learning_rate=0.01, max_depth=1, n_estimators=400;, score=0.569 total time= 1.1min
[CV 1/5; 24/27] START learning_rate=0.01, max_depth=2, n_estimators=400.........
[CV 1/5; 24/27] END learning_rate=0.01, max_depth=2, n_estimators=400;, score=0.579 total time= 2.2min
[CV 4/5; 27/27] START learning_rate=0.01, max_depth=3, n_estimators=400.........
[CV 4/5; 27/27] END learning_rate=0.01, max_depth=3, n_estimators=400;, score=0.587 total time= 2.0min
[CV 5/5; 3/27] START learning_rate=0.2, max_depth=1, n_estimators=400...........
[CV 5/5; 3/27] END learning_rate=0.2, max_depth=1, n_estimators=400;, score=0.590 total time= 1.1min
[CV 5/5; 6/27] START learning_rate=0.2, max_depth=2, n_estimators=400...........
[CV 5/5; 6/27] END learning_rate=0.2, max_depth=2, n_estimators=400;, score=0.584 total time= 2.2min
[CV 1/5; 11/27] START learning_rate=0.1, max_depth=1, n_estimators=300..........
[CV 1/5; 11/27] END learning_rate=0.1, max_depth=1, n_estimators=300;, score=0.594 total time=  50.0s
[CV 3/5; 12/27] START learning_rate=0.1, max_depth=1, n_estimators=400..........
[CV 3/5; 12/27] END learning_rate=0.1, max_depth=1, n_estimators=400;, score=0.576 total time= 1.1min
[CV 4/5; 14/27] START learning_rate=0.1, max_depth=2, n_estimators=300..........
[CV 4/5; 14/27] END learning_rate=0.1, max_depth=2, n_estimators=300;, score=0.607 total time= 1.6min
[CV 5/5; 17/27] START learning_rate=0.1, max_depth=3, n_estimators=300..........
[CV 5/5; 17/27] END learning_rate=0.1, max_depth=3, n_estimators=300;, score=0.587 total time= 2.4min
[CV 1/5; 23/27] START learning_rate=0.01, max_depth=2, n_estimators=300.........
[CV 1/5; 23/27] END learning_rate=0.01, max_depth=2, n_estimators=300;, score=0.576 total time= 1.6min
[CV 2/5; 26/27] START learning_rate=0.01, max_depth=3, n_estimators=300.........
[CV 2/5; 26/27] END learning_rate=0.01, max_depth=3, n_estimators=300;, score=0.583 total time= 2.1min
[CV 3/5; 2/27] START learning_rate=0.2, max_depth=1, n_estimators=300...........
[CV 3/5; 2/27] END learning_rate=0.2, max_depth=1, n_estimators=300;, score=0.576 total time=  49.9s
[CV 4/5; 5/27] START learning_rate=0.2, max_depth=2, n_estimators=300...........
[CV 4/5; 5/27] END learning_rate=0.2, max_depth=2, n_estimators=300;, score=0.616 total time= 1.6min
[CV 5/5; 8/27] START learning_rate=0.2, max_depth=3, n_estimators=300...........
[CV 5/5; 8/27] END learning_rate=0.2, max_depth=3, n_estimators=300;, score=0.581 total time= 2.4min
[CV 5/5; 13/27] START learning_rate=0.1, max_depth=2, n_estimators=200..........
[CV 5/5; 13/27] END learning_rate=0.1, max_depth=2, n_estimators=200;, score=0.595 total time= 1.1min
[CV 4/5; 16/27] START learning_rate=0.1, max_depth=3, n_estimators=200..........
[CV 4/5; 16/27] END learning_rate=0.1, max_depth=3, n_estimators=200;, score=0.611 total time= 1.6min
[CV 5/5; 18/27] START learning_rate=0.1, max_depth=3, n_estimators=400..........
[CV 5/5; 18/27] END learning_rate=0.1, max_depth=3, n_estimators=400;, score=0.584 total time= 3.2min
[CV 1/5; 26/27] START learning_rate=0.01, max_depth=3, n_estimators=300.........
[CV 1/5; 26/27] END learning_rate=0.01, max_depth=3, n_estimators=300;, score=0.594 total time= 2.1min
[CV 4/5; 1/27] START learning_rate=0.1, max_depth=3, n_estimators=50............
[CV 4/5; 1/27] END learning_rate=0.1, max_depth=3, n_estimators=50;, score=0.593 total time=  24.6s
[CV 3/5; 4/27] START learning_rate=0.1, max_depth=5, n_estimators=50............
[CV 3/5; 4/27] END learning_rate=0.1, max_depth=5, n_estimators=50;, score=0.591 total time=  40.5s
[CV 3/5; 6/27] START learning_rate=0.1, max_depth=5, n_estimators=200...........
[CV 3/5; 6/27] END learning_rate=0.1, max_depth=5, n_estimators=200;, score=0.588 total time= 2.7min
[CV 3/5; 11/27] START learning_rate=0.01, max_depth=3, n_estimators=100.........
[CV 3/5; 11/27] END learning_rate=0.01, max_depth=3, n_estimators=100;, score=0.567 total time=  48.4s
[CV 4/5; 13/27] START learning_rate=0.01, max_depth=5, n_estimators=50..........
[CV 4/5; 13/27] END learning_rate=0.01, max_depth=5, n_estimators=50;, score=0.566 total time=  40.5s
[CV 5/5; 14/27] START learning_rate=0.01, max_depth=5, n_estimators=100.........
[CV 5/5; 14/27] END learning_rate=0.01, max_depth=5, n_estimators=100;, score=0.577 total time= 1.3min
[CV 2/5; 18/27] START learning_rate=0.01, max_depth=7, n_estimators=200.........
[CV 2/5; 18/27] END learning_rate=0.01, max_depth=7, n_estimators=200;, score=0.594 total time= 3.8min
[CV 3/5; 25/27] START learning_rate=0.05, max_depth=7, n_estimators=50..........
[CV 3/5; 25/27] END learning_rate=0.05, max_depth=7, n_estimators=50;, score=0.580 total time=  57.0s
[CV 4/5; 27/27] START learning_rate=0.05, max_depth=7, n_estimators=200.........
[CV 4/5; 27/27] END learning_rate=0.05, max_depth=7, n_estimators=200;, score=0.610 total time= 2.7min
[CV 3/5; 3/27] START learning_rate=0.2, max_depth=1, n_estimators=400...........
[CV 3/5; 3/27] END learning_rate=0.2, max_depth=1, n_estimators=400;, score=0.577 total time= 1.1min
[CV 3/5; 6/27] START learning_rate=0.2, max_depth=2, n_estimators=400...........
[CV 3/5; 6/27] END learning_rate=0.2, max_depth=2, n_estimators=400;, score=0.582 total time= 2.2min
[CV 4/5; 10/27] START learning_rate=0.1, max_depth=1, n_estimators=200..........
[CV 4/5; 10/27] END learning_rate=0.1, max_depth=1, n_estimators=200;, score=0.599 total time=  33.4s
[CV 5/5; 11/27] START learning_rate=0.1, max_depth=1, n_estimators=300..........
[CV 5/5; 11/27] END learning_rate=0.1, max_depth=1, n_estimators=300;, score=0.593 total time=  50.0s
[CV 3/5; 13/27] START learning_rate=0.1, max_depth=2, n_estimators=200..........
[CV 3/5; 13/27] END learning_rate=0.1, max_depth=2, n_estimators=200;, score=0.579 total time= 1.1min
[CV 5/5; 15/27] START learning_rate=0.1, max_depth=2, n_estimators=400..........
[CV 5/5; 15/27] END learning_rate=0.1, max_depth=2, n_estimators=400;, score=0.590 total time= 2.2min
[CV 1/5; 20/27] START learning_rate=0.01, max_depth=1, n_estimators=300.........
[CV 1/5; 20/27] END learning_rate=0.01, max_depth=1, n_estimators=300;, score=0.568 total time=  49.9s
[CV 2/5; 21/27] START learning_rate=0.01, max_depth=1, n_estimators=400.........
[CV 2/5; 21/27] END learning_rate=0.01, max_depth=1, n_estimators=400;, score=0.570 total time= 1.1min
[CV 3/5; 23/27] START learning_rate=0.01, max_depth=2, n_estimators=300.........
[CV 3/5; 23/27] END learning_rate=0.01, max_depth=2, n_estimators=300;, score=0.571 total time= 1.6min
[CV 4/5; 26/27] START learning_rate=0.01, max_depth=3, n_estimators=300.........
[CV 4/5; 26/27] END learning_rate=0.01, max_depth=3, n_estimators=300;, score=0.587 total time= 1.8min
[CV 5/5; 2/27] START learning_rate=0.2, max_depth=1, n_estimators=300...........
[CV 5/5; 2/27] END learning_rate=0.2, max_depth=1, n_estimators=300;, score=0.590 total time=  50.0s
[CV 4/5; 5/27] START learning_rate=0.2, max_depth=2, n_estimators=300...........
[CV 4/5; 5/27] END learning_rate=0.2, max_depth=2, n_estimators=300;, score=0.616 total time= 1.6min
[CV 5/5; 8/27] START learning_rate=0.2, max_depth=3, n_estimators=300...........
[CV 5/5; 8/27] END learning_rate=0.2, max_depth=3, n_estimators=300;, score=0.581 total time= 2.4min
[CV 1/5; 14/27] START learning_rate=0.1, max_depth=2, n_estimators=300..........
[CV 1/5; 14/27] END learning_rate=0.1, max_depth=2, n_estimators=300;, score=0.614 total time= 1.6min
[CV 2/5; 17/27] START learning_rate=0.1, max_depth=3, n_estimators=300..........
[CV 2/5; 17/27] END learning_rate=0.1, max_depth=3, n_estimators=300;, score=0.594 total time= 2.4min
[CV 4/5; 21/27] START learning_rate=0.01, max_depth=1, n_estimators=400.........
[CV 4/5; 21/27] END learning_rate=0.01, max_depth=1, n_estimators=400;, score=0.575 total time= 1.1min
[CV 5/5; 23/27] START learning_rate=0.01, max_depth=2, n_estimators=300.........
[CV 5/5; 23/27] END learning_rate=0.01, max_depth=2, n_estimators=300;, score=0.577 total time= 1.6min
[CV 1/5; 27/27] START learning_rate=0.01, max_depth=3, n_estimators=400.........
[CV 1/5; 27/27] END learning_rate=0.01, max_depth=3, n_estimators=400;, score=0.595 total time= 2.3min
[CV 2/5; 3/27] START learning_rate=0.2, max_depth=1, n_estimators=400...........
[CV 2/5; 3/27] END learning_rate=0.2, max_depth=1, n_estimators=400;, score=0.594 total time= 1.1min
[CV 5/5; 6/27] START learning_rate=0.2, max_depth=2, n_estimators=400...........
[CV 5/5; 6/27] END learning_rate=0.2, max_depth=2, n_estimators=400;, score=0.584 total time= 2.2min
[CV 1/5; 11/27] START learning_rate=0.1, max_depth=1, n_estimators=300..........
[CV 1/5; 11/27] END learning_rate=0.1, max_depth=1, n_estimators=300;, score=0.594 total time=  50.1s
[CV 3/5; 12/27] START learning_rate=0.1, max_depth=1, n_estimators=400..........
[CV 3/5; 12/27] END learning_rate=0.1, max_depth=1, n_estimators=400;, score=0.576 total time= 1.1min
[CV 4/5; 14/27] START learning_rate=0.1, max_depth=2, n_estimators=300..........
[CV 4/5; 14/27] END learning_rate=0.1, max_depth=2, n_estimators=300;, score=0.607 total time= 1.6min
[CV 5/5; 17/27] START learning_rate=0.1, max_depth=3, n_estimators=300..........
[CV 5/5; 17/27] END learning_rate=0.1, max_depth=3, n_estimators=300;, score=0.587 total time= 2.4min
[CV 1/5; 23/27] START learning_rate=0.01, max_depth=2, n_estimators=300.........
[CV 1/5; 23/27] END learning_rate=0.01, max_depth=2, n_estimators=300;, score=0.576 total time= 1.6min
[CV 2/5; 26/27] START learning_rate=0.01, max_depth=3, n_estimators=300.........
[CV 2/5; 26/27] END learning_rate=0.01, max_depth=3, n_estimators=300;, score=0.583 total time= 2.1min
[CV 4/5; 2/27] START learning_rate=0.1, max_depth=3, n_estimators=100...........
[CV 4/5; 2/27] END learning_rate=0.1, max_depth=3, n_estimators=100;, score=0.598 total time=  48.8s
[CV 5/5; 5/27] START learning_rate=0.1, max_depth=5, n_estimators=100...........
[CV 5/5; 5/27] END learning_rate=0.1, max_depth=5, n_estimators=100;, score=0.587 total time= 1.4min
[CV 2/5; 9/27] START learning_rate=0.1, max_depth=7, n_estimators=200...........
[CV 2/5; 9/27] END learning_rate=0.1, max_depth=7, n_estimators=200;, score=0.586 total time= 3.8min
[CV 4/5; 16/27] START learning_rate=0.01, max_depth=7, n_estimators=50..........
[CV 4/5; 16/27] END learning_rate=0.01, max_depth=7, n_estimators=50;, score=0.566 total time=  57.2s
[CV 5/5; 18/27] START learning_rate=0.01, max_depth=7, n_estimators=200.........
[CV 5/5; 18/27] END learning_rate=0.01, max_depth=7, n_estimators=200;, score=0.586 total time= 3.8min
[CV 3/5; 26/27] START learning_rate=0.05, max_depth=7, n_estimators=100.........
[CV 3/5; 26/27] END learning_rate=0.05, max_depth=7, n_estimators=100;, score=0.588 total time= 1.9min
[CV 2/5; 2/27] START learning_rate=0.2, max_depth=1, n_estimators=300...........
[CV 2/5; 2/27] END learning_rate=0.2, max_depth=1, n_estimators=300;, score=0.602 total time=  49.8s
[CV 2/5; 5/27] START learning_rate=0.2, max_depth=2, n_estimators=300...........
[CV 2/5; 5/27] END learning_rate=0.2, max_depth=2, n_estimators=300;, score=0.594 total time= 1.6min
[CV 4/5; 8/27] START learning_rate=0.2, max_depth=3, n_estimators=300...........
[CV 4/5; 8/27] END learning_rate=0.2, max_depth=3, n_estimators=300;, score=0.602 total time= 2.4min
[CV 5/5; 13/27] START learning_rate=0.1, max_depth=2, n_estimators=200..........
[CV 5/5; 13/27] END learning_rate=0.1, max_depth=2, n_estimators=200;, score=0.595 total time= 1.1min
[CV 2/5; 16/27] START learning_rate=0.1, max_depth=3, n_estimators=200..........
[CV 2/5; 16/27] END learning_rate=0.1, max_depth=3, n_estimators=200;, score=0.603 total time= 1.6min
[CV 3/5; 18/27] START learning_rate=0.1, max_depth=3, n_estimators=400..........
[CV 3/5; 18/27] END learning_rate=0.1, max_depth=3, n_estimators=400;, score=0.588 total time= 3.2min
[CV 4/5; 25/27] START learning_rate=0.01, max_depth=3, n_estimators=200.........
[CV 4/5; 25/27] END learning_rate=0.01, max_depth=3, n_estimators=200;, score=0.580 total time= 1.6min
[CV 1/5; 1/27] START learning_rate=0.2, max_depth=1, n_estimators=200...........
[CV 1/5; 1/27] END learning_rate=0.2, max_depth=1, n_estimators=200;, score=0.598 total time=  33.4s
[CV 5/5; 4/27] START learning_rate=0.2, max_depth=2, n_estimators=200...........
[CV 5/5; 4/27] END learning_rate=0.2, max_depth=2, n_estimators=200;, score=0.584 total time= 1.1min
[CV 1/5; 8/27] START learning_rate=0.2, max_depth=3, n_estimators=300...........
[CV 1/5; 8/27] END learning_rate=0.2, max_depth=3, n_estimators=300;, score=0.592 total time= 2.4min
[CV 2/5; 12/27] START learning_rate=0.1, max_depth=1, n_estimators=400..........
[CV 2/5; 12/27] END learning_rate=0.1, max_depth=1, n_estimators=400;, score=0.594 total time= 1.1min
[CV 3/5; 14/27] START learning_rate=0.1, max_depth=2, n_estimators=300..........
[CV 3/5; 14/27] END learning_rate=0.1, max_depth=2, n_estimators=300;, score=0.583 total time= 1.6min
[CV 4/5; 17/27] START learning_rate=0.1, max_depth=3, n_estimators=300..........
[CV 4/5; 17/27] END learning_rate=0.1, max_depth=3, n_estimators=300;, score=0.611 total time= 2.4min
[CV 1/5; 22/27] START learning_rate=0.01, max_depth=2, n_estimators=200.........
[CV 1/5; 22/27] END learning_rate=0.01, max_depth=2, n_estimators=200;, score=0.576 total time= 1.1min
[CV 2/5; 24/27] START learning_rate=0.01, max_depth=2, n_estimators=400.........
[CV 2/5; 24/27] END learning_rate=0.01, max_depth=2, n_estimators=400;, score=0.580 total time= 2.2min
[CV 4/5; 1/27] START learning_rate=0.2, max_depth=1, n_estimators=200...........
[CV 4/5; 1/27] END learning_rate=0.2, max_depth=1, n_estimators=200;, score=0.599 total time=  33.3s
[CV 2/5; 4/27] START learning_rate=0.2, max_depth=2, n_estimators=200...........
[CV 2/5; 4/27] END learning_rate=0.2, max_depth=2, n_estimators=200;, score=0.595 total time= 1.1min
[CV 3/5; 7/27] START learning_rate=0.2, max_depth=3, n_estimators=200...........
[CV 3/5; 7/27] END learning_rate=0.2, max_depth=3, n_estimators=200;, score=0.594 total time= 1.6min
[CV 1/5; 10/27] START learning_rate=0.1, max_depth=1, n_estimators=200..........
[CV 1/5; 10/27] END learning_rate=0.1, max_depth=1, n_estimators=200;, score=0.588 total time=  33.3s
[CV 2/5; 11/27] START learning_rate=0.1, max_depth=1, n_estimators=300..........
[CV 2/5; 11/27] END learning_rate=0.1, max_depth=1, n_estimators=300;, score=0.592 total time=  49.9s
[CV 5/5; 12/27] START learning_rate=0.1, max_depth=1, n_estimators=400..........
[CV 5/5; 12/27] END learning_rate=0.1, max_depth=1, n_estimators=400;, score=0.593 total time= 1.1min
[CV 5/5; 15/27] START learning_rate=0.1, max_depth=2, n_estimators=400..........
[CV 5/5; 15/27] END learning_rate=0.1, max_depth=2, n_estimators=400;, score=0.590 total time= 2.2min
[CV 1/5; 20/27] START learning_rate=0.01, max_depth=1, n_estimators=300.........
[CV 1/5; 20/27] END learning_rate=0.01, max_depth=1, n_estimators=300;, score=0.568 total time=  50.0s
[CV 2/5; 21/27] START learning_rate=0.01, max_depth=1, n_estimators=400.........
[CV 2/5; 21/27] END learning_rate=0.01, max_depth=1, n_estimators=400;, score=0.570 total time= 1.1min
[CV 3/5; 23/27] START learning_rate=0.01, max_depth=2, n_estimators=300.........
[CV 3/5; 23/27] END learning_rate=0.01, max_depth=2, n_estimators=300;, score=0.571 total time= 1.6min
[CV 4/5; 26/27] START learning_rate=0.01, max_depth=3, n_estimators=300.........
[CV 4/5; 26/27] END learning_rate=0.01, max_depth=3, n_estimators=300;, score=0.587 total time= 1.8min
[CV 1/5; 4/27] START learning_rate=0.2, max_depth=2, n_estimators=200...........
[CV 1/5; 4/27] END learning_rate=0.2, max_depth=2, n_estimators=200;, score=0.615 total time= 1.1min
[CV 2/5; 7/27] START learning_rate=0.2, max_depth=3, n_estimators=200...........
[CV 2/5; 7/27] END learning_rate=0.2, max_depth=3, n_estimators=200;, score=0.595 total time= 1.6min
[CV 3/5; 9/27] START learning_rate=0.2, max_depth=3, n_estimators=400...........
[CV 3/5; 9/27] END learning_rate=0.2, max_depth=3, n_estimators=400;, score=0.583 total time= 3.2min
[CV 4/5; 16/27] START learning_rate=0.1, max_depth=3, n_estimators=200..........
[CV 4/5; 16/27] END learning_rate=0.1, max_depth=3, n_estimators=200;, score=0.611 total time= 1.6min
[CV 5/5; 18/27] START learning_rate=0.1, max_depth=3, n_estimators=400..........
[CV 5/5; 18/27] END learning_rate=0.1, max_depth=3, n_estimators=400;, score=0.584 total time= 3.2min
[CV 1/5; 26/27] START learning_rate=0.01, max_depth=3, n_estimators=300.........
[CV 1/5; 26/27] END learning_rate=0.01, max_depth=3, n_estimators=300;, score=0.594 total time= 2.3min
[CV 4/5; 2/27] START learning_rate=0.2, max_depth=1, n_estimators=300...........
[CV 4/5; 2/27] END learning_rate=0.2, max_depth=1, n_estimators=300;, score=0.596 total time=  50.1s
[CV 1/5; 6/27] START learning_rate=0.2, max_depth=2, n_estimators=400...........
[CV 1/5; 6/27] END learning_rate=0.2, max_depth=2, n_estimators=400;, score=0.603 total time= 2.2min
[CV 4/5; 9/27] START learning_rate=0.2, max_depth=3, n_estimators=400...........
[CV 4/5; 9/27] END learning_rate=0.2, max_depth=3, n_estimators=400;, score=0.604 total time= 3.2min
[CV 5/5; 16/27] START learning_rate=0.1, max_depth=3, n_estimators=200..........
[CV 5/5; 16/27] END learning_rate=0.1, max_depth=3, n_estimators=200;, score=0.592 total time= 1.6min
[CV 1/5; 19/27] START learning_rate=0.01, max_depth=1, n_estimators=200.........
[CV 1/5; 19/27] END learning_rate=0.01, max_depth=1, n_estimators=200;, score=0.568 total time=  33.3s
[CV 2/5; 20/27] START learning_rate=0.01, max_depth=1, n_estimators=300.........
[CV 2/5; 20/27] END learning_rate=0.01, max_depth=1, n_estimators=300;, score=0.571 total time=  49.8s
[CV 2/5; 22/27] START learning_rate=0.01, max_depth=2, n_estimators=200.........
[CV 2/5; 22/27] END learning_rate=0.01, max_depth=2, n_estimators=200;, score=0.573 total time= 1.1min
[CV 3/5; 24/27] START learning_rate=0.01, max_depth=2, n_estimators=400.........
[CV 3/5; 24/27] END learning_rate=0.01, max_depth=2, n_estimators=400;, score=0.567 total time= 2.2min
[CV 5/5; 1/27] START learning_rate=0.2, max_depth=1, n_estimators=200...........
[CV 5/5; 1/27] END learning_rate=0.2, max_depth=1, n_estimators=200;, score=0.595 total time=  33.5s
[CV 4/5; 4/27] START learning_rate=0.2, max_depth=2, n_estimators=200...........
[CV 4/5; 4/27] END learning_rate=0.2, max_depth=2, n_estimators=200;, score=0.613 total time= 1.1min
[CV 5/5; 7/27] START learning_rate=0.2, max_depth=3, n_estimators=200...........
[CV 5/5; 7/27] END learning_rate=0.2, max_depth=3, n_estimators=200;, score=0.583 total time= 1.6min
[CV 3/5; 10/27] START learning_rate=0.1, max_depth=1, n_estimators=200..........
[CV 3/5; 10/27] END learning_rate=0.1, max_depth=1, n_estimators=200;, score=0.570 total time=  33.4s
[CV 5/5; 11/27] START learning_rate=0.1, max_depth=1, n_estimators=300..........
[CV 5/5; 11/27] END learning_rate=0.1, max_depth=1, n_estimators=300;, score=0.593 total time=  50.1s
[CV 3/5; 13/27] START learning_rate=0.1, max_depth=2, n_estimators=200..........
[CV 3/5; 13/27] END learning_rate=0.1, max_depth=2, n_estimators=200;, score=0.579 total time= 1.1min
[CV 4/5; 15/27] START learning_rate=0.1, max_depth=2, n_estimators=400..........
[CV 4/5; 15/27] END learning_rate=0.1, max_depth=2, n_estimators=400;, score=0.611 total time= 2.2min
[CV 5/5; 19/27] START learning_rate=0.01, max_depth=1, n_estimators=200.........
[CV 5/5; 19/27] END learning_rate=0.01, max_depth=1, n_estimators=200;, score=0.566 total time=  33.4s
[CV 1/5; 21/27] START learning_rate=0.01, max_depth=1, n_estimators=400.........
[CV 1/5; 21/27] END learning_rate=0.01, max_depth=1, n_estimators=400;, score=0.574 total time= 1.1min
[CV 2/5; 23/27] START learning_rate=0.01, max_depth=2, n_estimators=300.........
[CV 2/5; 23/27] END learning_rate=0.01, max_depth=2, n_estimators=300;, score=0.574 total time= 1.6min
[CV 3/5; 26/27] START learning_rate=0.01, max_depth=3, n_estimators=300.........
[CV 3/5; 26/27] END learning_rate=0.01, max_depth=3, n_estimators=300;, score=0.573 total time= 2.1min
[CV 1/5; 3/27] START learning_rate=0.1, max_depth=3, n_estimators=200...........
[CV 1/5; 3/27] END learning_rate=0.1, max_depth=3, n_estimators=200;, score=0.612 total time= 1.6min
[CV 3/5; 7/27] START learning_rate=0.1, max_depth=7, n_estimators=50............
[CV 3/5; 7/27] END learning_rate=0.1, max_depth=7, n_estimators=50;, score=0.597 total time=  57.1s
[CV 5/5; 9/27] START learning_rate=0.1, max_depth=7, n_estimators=200...........
[CV 5/5; 9/27] END learning_rate=0.1, max_depth=7, n_estimators=200;, score=0.575 total time= 3.8min
[CV 3/5; 17/27] START learning_rate=0.01, max_depth=7, n_estimators=100.........
[CV 3/5; 17/27] END learning_rate=0.01, max_depth=7, n_estimators=100;, score=0.571 total time= 1.9min
[CV 1/5; 21/27] START learning_rate=0.05, max_depth=3, n_estimators=200.........
[CV 1/5; 21/27] END learning_rate=0.05, max_depth=3, n_estimators=200;, score=0.617 total time= 1.6min
[CV 2/5; 24/27] START learning_rate=0.05, max_depth=5, n_estimators=200.........
[CV 2/5; 24/27] END learning_rate=0.05, max_depth=5, n_estimators=200;, score=0.608 total time= 2.7min
[CV 4/5; 1/27] START learning_rate=0.2, max_depth=1, n_estimators=200...........
[CV 4/5; 1/27] END learning_rate=0.2, max_depth=1, n_estimators=200;, score=0.599 total time=  33.6s
[CV 4/5; 4/27] START learning_rate=0.2, max_depth=2, n_estimators=200...........
[CV 4/5; 4/27] END learning_rate=0.2, max_depth=2, n_estimators=200;, score=0.613 total time= 1.1min
[CV 5/5; 7/27] START learning_rate=0.2, max_depth=3, n_estimators=200...........
[CV 5/5; 7/27] END learning_rate=0.2, max_depth=3, n_estimators=200;, score=0.583 total time= 1.6min
[CV 3/5; 10/27] START learning_rate=0.1, max_depth=1, n_estimators=200..........
[CV 3/5; 10/27] END learning_rate=0.1, max_depth=1, n_estimators=200;, score=0.570 total time=  33.5s
[CV 4/5; 11/27] START learning_rate=0.1, max_depth=1, n_estimators=300..........
[CV 4/5; 11/27] END learning_rate=0.1, max_depth=1, n_estimators=300;, score=0.599 total time=  50.1s
[CV 2/5; 13/27] START learning_rate=0.1, max_depth=2, n_estimators=200..........
[CV 2/5; 13/27] END learning_rate=0.1, max_depth=2, n_estimators=200;, score=0.600 total time= 1.1min
[CV 4/5; 15/27] START learning_rate=0.1, max_depth=2, n_estimators=400..........
[CV 4/5; 15/27] END learning_rate=0.1, max_depth=2, n_estimators=400;, score=0.611 total time= 2.2min
[CV 5/5; 19/27] START learning_rate=0.01, max_depth=1, n_estimators=200.........
[CV 5/5; 19/27] END learning_rate=0.01, max_depth=1, n_estimators=200;, score=0.566 total time=  33.2s
[CV 1/5; 21/27] START learning_rate=0.01, max_depth=1, n_estimators=400.........
[CV 1/5; 21/27] END learning_rate=0.01, max_depth=1, n_estimators=400;, score=0.574 total time= 1.1min
[CV 2/5; 23/27] START learning_rate=0.01, max_depth=2, n_estimators=300.........
[CV 2/5; 23/27] END learning_rate=0.01, max_depth=2, n_estimators=300;, score=0.574 total time= 1.6min
[CV 3/5; 26/27] START learning_rate=0.01, max_depth=3, n_estimators=300.........
[CV 3/5; 26/27] END learning_rate=0.01, max_depth=3, n_estimators=300;, score=0.573 total time= 2.0min
[CV 3/5; 2/27] START learning_rate=0.2, max_depth=1, n_estimators=300...........
[CV 3/5; 2/27] END learning_rate=0.2, max_depth=1, n_estimators=300;, score=0.576 total time=  49.8s
[CV 2/5; 5/27] START learning_rate=0.2, max_depth=2, n_estimators=300...........
[CV 2/5; 5/27] END learning_rate=0.2, max_depth=2, n_estimators=300;, score=0.594 total time= 1.6min
[CV 3/5; 8/27] START learning_rate=0.2, max_depth=3, n_estimators=300...........
[CV 3/5; 8/27] END learning_rate=0.2, max_depth=3, n_estimators=300;, score=0.579 total time= 2.4min
[CV 4/5; 13/27] START learning_rate=0.1, max_depth=2, n_estimators=200..........
[CV 4/5; 13/27] END learning_rate=0.1, max_depth=2, n_estimators=200;, score=0.601 total time= 1.1min
[CV 1/5; 16/27] START learning_rate=0.1, max_depth=3, n_estimators=200..........
[CV 1/5; 16/27] END learning_rate=0.1, max_depth=3, n_estimators=200;, score=0.612 total time= 1.6min
[CV 2/5; 18/27] START learning_rate=0.1, max_depth=3, n_estimators=400..........
[CV 2/5; 18/27] END learning_rate=0.1, max_depth=3, n_estimators=400;, score=0.589 total time= 3.2min
[CV 3/5; 25/27] START learning_rate=0.01, max_depth=3, n_estimators=200.........
[CV 3/5; 25/27] END learning_rate=0.01, max_depth=3, n_estimators=200;, score=0.571 total time= 1.6min
[CV 5/5; 27/27] START learning_rate=0.01, max_depth=3, n_estimators=400.........
[CV 5/5; 27/27] END learning_rate=0.01, max_depth=3, n_estimators=400;, score=0.593 total time= 2.1min
[CV 1/5; 4/27] START learning_rate=0.2, max_depth=2, n_estimators=200...........
[CV 1/5; 4/27] END learning_rate=0.2, max_depth=2, n_estimators=200;, score=0.615 total time= 1.1min
[CV 2/5; 6/27] START learning_rate=0.2, max_depth=2, n_estimators=400...........
[CV 2/5; 6/27] END learning_rate=0.2, max_depth=2, n_estimators=400;, score=0.585 total time= 2.2min
[CV 5/5; 9/27] START learning_rate=0.2, max_depth=3, n_estimators=400...........
[CV 5/5; 9/27] END learning_rate=0.2, max_depth=3, n_estimators=400;, score=0.586 total time= 3.2min
[CV 1/5; 17/27] START learning_rate=0.1, max_depth=3, n_estimators=300..........
[CV 1/5; 17/27] END learning_rate=0.1, max_depth=3, n_estimators=300;, score=0.611 total time= 2.4min
[CV 3/5; 21/27] START learning_rate=0.01, max_depth=1, n_estimators=400.........
[CV 3/5; 21/27] END learning_rate=0.01, max_depth=1, n_estimators=400;, score=0.565 total time= 1.1min
[CV 4/5; 23/27] START learning_rate=0.01, max_depth=2, n_estimators=300.........
[CV 4/5; 23/27] END learning_rate=0.01, max_depth=2, n_estimators=300;, score=0.584 total time= 1.6min
[CV 5/5; 26/27] START learning_rate=0.01, max_depth=3, n_estimators=300.........
[CV 5/5; 26/27] END learning_rate=0.01, max_depth=3, n_estimators=300;, score=0.589 total time= 2.0min
[CV 5/5; 2/27] START learning_rate=0.1, max_depth=3, n_estimators=100...........
[CV 5/5; 2/27] END learning_rate=0.1, max_depth=3, n_estimators=100;, score=0.592 total time=  48.8s
[CV 1/5; 6/27] START learning_rate=0.1, max_depth=5, n_estimators=200...........
[CV 1/5; 6/27] END learning_rate=0.1, max_depth=5, n_estimators=200;, score=0.605 total time= 2.7min
[CV 4/5; 10/27] START learning_rate=0.01, max_depth=3, n_estimators=50..........
[CV 4/5; 10/27] END learning_rate=0.01, max_depth=3, n_estimators=50;, score=0.566 total time=  24.5s
[CV 2/5; 12/27] START learning_rate=0.01, max_depth=3, n_estimators=200.........
[CV 2/5; 12/27] END learning_rate=0.01, max_depth=3, n_estimators=200;, score=0.579 total time= 1.6min
[CV 3/5; 15/27] START learning_rate=0.01, max_depth=5, n_estimators=200.........
[CV 3/5; 15/27] END learning_rate=0.01, max_depth=5, n_estimators=200;, score=0.571 total time= 2.7min
[CV 1/5; 20/27] START learning_rate=0.05, max_depth=3, n_estimators=100.........
[CV 1/5; 20/27] END learning_rate=0.05, max_depth=3, n_estimators=100;, score=0.608 total time=  48.6s
[CV 2/5; 22/27] START learning_rate=0.05, max_depth=5, n_estimators=50..........
[CV 2/5; 22/27] END learning_rate=0.05, max_depth=5, n_estimators=50;, score=0.598 total time=  40.6s
[CV 3/5; 23/27] START learning_rate=0.05, max_depth=5, n_estimators=100.........
[CV 3/5; 23/27] END learning_rate=0.05, max_depth=5, n_estimators=100;, score=0.589 total time= 1.3min
[CV 5/5; 26/27] START learning_rate=0.05, max_depth=7, n_estimators=100.........
[CV 5/5; 26/27] END learning_rate=0.05, max_depth=7, n_estimators=100;, score=0.583 total time= 1.3min
[CV 1/5; 1/27] START learning_rate=0.2, max_depth=1, n_estimators=200...........
[CV 1/5; 1/27] END learning_rate=0.2, max_depth=1, n_estimators=200;, score=0.598 total time=  33.3s
[CV 2/5; 4/27] START learning_rate=0.2, max_depth=2, n_estimators=200...........
[CV 2/5; 4/27] END learning_rate=0.2, max_depth=2, n_estimators=200;, score=0.595 total time= 1.1min
[CV 3/5; 7/27] START learning_rate=0.2, max_depth=3, n_estimators=200...........
[CV 3/5; 7/27] END learning_rate=0.2, max_depth=3, n_estimators=200;, score=0.594 total time= 1.6min
[CV 1/5; 10/27] START learning_rate=0.1, max_depth=1, n_estimators=200..........
[CV 1/5; 10/27] END learning_rate=0.1, max_depth=1, n_estimators=200;, score=0.588 total time=  33.2s
[CV 2/5; 11/27] START learning_rate=0.1, max_depth=1, n_estimators=300..........
[CV 2/5; 11/27] END learning_rate=0.1, max_depth=1, n_estimators=300;, score=0.592 total time=  49.6s
[CV 5/5; 12/27] START learning_rate=0.1, max_depth=1, n_estimators=400..........
[CV 5/5; 12/27] END learning_rate=0.1, max_depth=1, n_estimators=400;, score=0.593 total time= 1.1min
[CV 2/5; 15/27] START learning_rate=0.1, max_depth=2, n_estimators=400..........
[CV 2/5; 15/27] END learning_rate=0.1, max_depth=2, n_estimators=400;, score=0.595 total time= 2.2min
[CV 2/5; 19/27] START learning_rate=0.01, max_depth=1, n_estimators=200.........
[CV 2/5; 19/27] END learning_rate=0.01, max_depth=1, n_estimators=200;, score=0.568 total time=  33.3s
[CV 3/5; 20/27] START learning_rate=0.01, max_depth=1, n_estimators=300.........
[CV 3/5; 20/27] END learning_rate=0.01, max_depth=1, n_estimators=300;, score=0.564 total time=  49.7s
[CV 4/5; 22/27] START learning_rate=0.01, max_depth=2, n_estimators=200.........
[CV 4/5; 22/27] END learning_rate=0.01, max_depth=2, n_estimators=200;, score=0.574 total time= 1.1min
[CV 4/5; 24/27] START learning_rate=0.01, max_depth=2, n_estimators=400.........
[CV 4/5; 24/27] END learning_rate=0.01, max_depth=2, n_estimators=400;, score=0.589 total time= 2.2min
[CV 5/5; 1/27] START learning_rate=0.2, max_depth=1, n_estimators=200...........
[CV 5/5; 1/27] END learning_rate=0.2, max_depth=1, n_estimators=200;, score=0.595 total time=  33.2s
[CV 2/5; 4/27] START learning_rate=0.2, max_depth=2, n_estimators=200...........
[CV 2/5; 4/27] END learning_rate=0.2, max_depth=2, n_estimators=200;, score=0.595 total time= 1.1min
[CV 3/5; 7/27] START learning_rate=0.2, max_depth=3, n_estimators=200...........
[CV 3/5; 7/27] END learning_rate=0.2, max_depth=3, n_estimators=200;, score=0.594 total time= 1.6min
[CV 5/5; 9/27] START learning_rate=0.2, max_depth=3, n_estimators=400...........
[CV 5/5; 9/27] END learning_rate=0.2, max_depth=3, n_estimators=400;, score=0.586 total time= 3.2min
[CV 1/5; 17/27] START learning_rate=0.1, max_depth=3, n_estimators=300..........
[CV 1/5; 17/27] END learning_rate=0.1, max_depth=3, n_estimators=300;, score=0.611 total time= 2.4min
[CV 3/5; 21/27] START learning_rate=0.01, max_depth=1, n_estimators=400.........
[CV 3/5; 21/27] END learning_rate=0.01, max_depth=1, n_estimators=400;, score=0.565 total time= 1.1min
[CV 4/5; 23/27] START learning_rate=0.01, max_depth=2, n_estimators=300.........
[CV 4/5; 23/27] END learning_rate=0.01, max_depth=2, n_estimators=300;, score=0.584 total time= 1.6min
[CV 5/5; 26/27] START learning_rate=0.01, max_depth=3, n_estimators=300.........
[CV 5/5; 26/27] END learning_rate=0.01, max_depth=3, n_estimators=300;, score=0.589 total time= 1.8min
[CV 1/5; 3/27] START learning_rate=0.2, max_depth=1, n_estimators=400...........
[CV 1/5; 3/27] END learning_rate=0.2, max_depth=1, n_estimators=400;, score=0.609 total time= 1.1min
[CV 3/5; 6/27] START learning_rate=0.2, max_depth=2, n_estimators=400...........
[CV 3/5; 6/27] END learning_rate=0.2, max_depth=2, n_estimators=400;, score=0.582 total time= 2.2min
[CV 4/5; 10/27] START learning_rate=0.1, max_depth=1, n_estimators=200..........
[CV 4/5; 10/27] END learning_rate=0.1, max_depth=1, n_estimators=200;, score=0.599 total time=  33.4s
[CV 4/5; 11/27] START learning_rate=0.1, max_depth=1, n_estimators=300..........
[CV 4/5; 11/27] END learning_rate=0.1, max_depth=1, n_estimators=300;, score=0.599 total time=  49.8s
[CV 2/5; 13/27] START learning_rate=0.1, max_depth=2, n_estimators=200..........
[CV 2/5; 13/27] END learning_rate=0.1, max_depth=2, n_estimators=200;, score=0.600 total time= 1.1min
[CV 3/5; 15/27] START learning_rate=0.1, max_depth=2, n_estimators=400..........
[CV 3/5; 15/27] END learning_rate=0.1, max_depth=2, n_estimators=400;, score=0.591 total time= 2.2min
[CV 4/5; 19/27] START learning_rate=0.01, max_depth=1, n_estimators=200.........
[CV 4/5; 19/27] END learning_rate=0.01, max_depth=1, n_estimators=200;, score=0.572 total time=  33.3s
[CV 5/5; 20/27] START learning_rate=0.01, max_depth=1, n_estimators=300.........
[CV 5/5; 20/27] END learning_rate=0.01, max_depth=1, n_estimators=300;, score=0.568 total time=  49.8s
[CV 5/5; 22/27] START learning_rate=0.01, max_depth=2, n_estimators=200.........
[CV 5/5; 22/27] END learning_rate=0.01, max_depth=2, n_estimators=200;, score=0.572 total time= 1.1min
[CV 1/5; 25/27] START learning_rate=0.01, max_depth=3, n_estimators=200.........
[CV 1/5; 25/27] END learning_rate=0.01, max_depth=3, n_estimators=200;, score=0.577 total time= 1.6min
[CV 2/5; 27/27] START learning_rate=0.01, max_depth=3, n_estimators=400.........
[CV 2/5; 27/27] END learning_rate=0.01, max_depth=3, n_estimators=400;, score=0.589 total time= 2.1min
[CV 3/5; 2/27] START learning_rate=0.1, max_depth=3, n_estimators=100...........
[CV 3/5; 2/27] END learning_rate=0.1, max_depth=3, n_estimators=100;, score=0.580 total time=  48.7s
[CV 4/5; 5/27] START learning_rate=0.1, max_depth=5, n_estimators=100...........
[CV 4/5; 5/27] END learning_rate=0.1, max_depth=5, n_estimators=100;, score=0.598 total time= 1.3min
[CV 1/5; 9/27] START learning_rate=0.1, max_depth=7, n_estimators=200...........
[CV 1/5; 9/27] END learning_rate=0.1, max_depth=7, n_estimators=200;, score=0.589 total time= 3.8min
[CV 3/5; 16/27] START learning_rate=0.01, max_depth=7, n_estimators=50..........
[CV 3/5; 16/27] END learning_rate=0.01, max_depth=7, n_estimators=50;, score=0.564 total time=  57.3s
[CV 4/5; 18/27] START learning_rate=0.01, max_depth=7, n_estimators=200.........
[CV 4/5; 18/27] END learning_rate=0.01, max_depth=7, n_estimators=200;, score=0.595 total time= 3.8min
[CV 2/5; 26/27] START learning_rate=0.05, max_depth=7, n_estimators=100.........
[CV 2/5; 26/27] END learning_rate=0.05, max_depth=7, n_estimators=100;, score=0.612 total time= 1.9min
[CV 3/5; 2/27] START learning_rate=0.2, max_depth=1, n_estimators=300...........
[CV 3/5; 2/27] END learning_rate=0.2, max_depth=1, n_estimators=300;, score=0.576 total time=  50.1s
[CV 1/5; 6/27] START learning_rate=0.2, max_depth=2, n_estimators=400...........
[CV 1/5; 6/27] END learning_rate=0.2, max_depth=2, n_estimators=400;, score=0.603 total time= 2.2min
[CV 4/5; 9/27] START learning_rate=0.2, max_depth=3, n_estimators=400...........
[CV 4/5; 9/27] END learning_rate=0.2, max_depth=3, n_estimators=400;, score=0.604 total time= 3.2min
[CV 5/5; 16/27] START learning_rate=0.1, max_depth=3, n_estimators=200..........
[CV 5/5; 16/27] END learning_rate=0.1, max_depth=3, n_estimators=200;, score=0.592 total time= 1.6min
[CV 1/5; 19/27] START learning_rate=0.01, max_depth=1, n_estimators=200.........
[CV 1/5; 19/27] END learning_rate=0.01, max_depth=1, n_estimators=200;, score=0.568 total time=  33.4s
[CV 2/5; 20/27] START learning_rate=0.01, max_depth=1, n_estimators=300.........
[CV 2/5; 20/27] END learning_rate=0.01, max_depth=1, n_estimators=300;, score=0.571 total time=  49.8s
[CV 2/5; 22/27] START learning_rate=0.01, max_depth=2, n_estimators=200.........
[CV 2/5; 22/27] END learning_rate=0.01, max_depth=2, n_estimators=200;, score=0.573 total time= 1.1min
[CV 3/5; 24/27] START learning_rate=0.01, max_depth=2, n_estimators=400.........
[CV 3/5; 24/27] END learning_rate=0.01, max_depth=2, n_estimators=400;, score=0.567 total time= 2.2min
[CV 4/5; 1/27] START learning_rate=0.2, max_depth=1, n_estimators=200...........
[CV 4/5; 1/27] END learning_rate=0.2, max_depth=1, n_estimators=200;, score=0.599 total time=  33.5s
[CV 1/5; 5/27] START learning_rate=0.2, max_depth=2, n_estimators=300...........
[CV 1/5; 5/27] END learning_rate=0.2, max_depth=2, n_estimators=300;, score=0.623 total time= 1.6min
[CV 2/5; 8/27] START learning_rate=0.2, max_depth=3, n_estimators=300...........
[CV 2/5; 8/27] END learning_rate=0.2, max_depth=3, n_estimators=300;, score=0.580 total time= 2.4min
[CV 4/5; 12/27] START learning_rate=0.1, max_depth=1, n_estimators=400..........
[CV 4/5; 12/27] END learning_rate=0.1, max_depth=1, n_estimators=400;, score=0.595 total time= 1.1min
[CV 3/5; 15/27] START learning_rate=0.1, max_depth=2, n_estimators=400..........
[CV 3/5; 15/27] END learning_rate=0.1, max_depth=2, n_estimators=400;, score=0.591 total time= 2.2min
[CV 5/5; 19/27] START learning_rate=0.01, max_depth=1, n_estimators=200.........
[CV 5/5; 19/27] END learning_rate=0.01, max_depth=1, n_estimators=200;, score=0.566 total time=  33.5s
[CV 1/5; 21/27] START learning_rate=0.01, max_depth=1, n_estimators=400.........
[CV 1/5; 21/27] END learning_rate=0.01, max_depth=1, n_estimators=400;, score=0.574 total time= 1.1min
[CV 2/5; 23/27] START learning_rate=0.01, max_depth=2, n_estimators=300.........
[CV 2/5; 23/27] END learning_rate=0.01, max_depth=2, n_estimators=300;, score=0.574 total time= 1.6min
[CV 3/5; 26/27] START learning_rate=0.01, max_depth=3, n_estimators=300.........
[CV 3/5; 26/27] END learning_rate=0.01, max_depth=3, n_estimators=300;, score=0.573 total time= 2.2min
[CV 5/5; 2/27] START learning_rate=0.2, max_depth=1, n_estimators=300...........
[CV 5/5; 2/27] END learning_rate=0.2, max_depth=1, n_estimators=300;, score=0.590 total time=  49.9s
[CV 3/5; 5/27] START learning_rate=0.2, max_depth=2, n_estimators=300...........
[CV 3/5; 5/27] END learning_rate=0.2, max_depth=2, n_estimators=300;, score=0.591 total time= 1.6min
[CV 4/5; 8/27] START learning_rate=0.2, max_depth=3, n_estimators=300...........
[CV 4/5; 8/27] END learning_rate=0.2, max_depth=3, n_estimators=300;, score=0.602 total time= 2.4min
[CV 1/5; 14/27] START learning_rate=0.1, max_depth=2, n_estimators=300..........
[CV 1/5; 14/27] END learning_rate=0.1, max_depth=2, n_estimators=300;, score=0.614 total time= 1.6min
[CV 2/5; 17/27] START learning_rate=0.1, max_depth=3, n_estimators=300..........
[CV 2/5; 17/27] END learning_rate=0.1, max_depth=3, n_estimators=300;, score=0.594 total time= 2.4min
[CV 4/5; 21/27] START learning_rate=0.01, max_depth=1, n_estimators=400.........
[CV 4/5; 21/27] END learning_rate=0.01, max_depth=1, n_estimators=400;, score=0.575 total time= 1.1min
[CV 5/5; 23/27] START learning_rate=0.01, max_depth=2, n_estimators=300.........
[CV 5/5; 23/27] END learning_rate=0.01, max_depth=2, n_estimators=300;, score=0.577 total time= 1.6min
[CV 1/5; 27/27] START learning_rate=0.01, max_depth=3, n_estimators=400.........
[CV 1/5; 27/27] END learning_rate=0.01, max_depth=3, n_estimators=400;, score=0.595 total time= 2.5min
[CV 5/5; 1/27] START learning_rate=0.1, max_depth=3, n_estimators=50............
[CV 5/5; 1/27] END learning_rate=0.1, max_depth=3, n_estimators=50;, score=0.598 total time=  24.6s
[CV 4/5; 4/27] START learning_rate=0.1, max_depth=5, n_estimators=50............
[CV 4/5; 4/27] END learning_rate=0.1, max_depth=5, n_estimators=50;, score=0.592 total time=  40.5s
[CV 4/5; 6/27] START learning_rate=0.1, max_depth=5, n_estimators=200...........
[CV 4/5; 6/27] END learning_rate=0.1, max_depth=5, n_estimators=200;, score=0.601 total time= 2.7min
[CV 5/5; 11/27] START learning_rate=0.01, max_depth=3, n_estimators=100.........
[CV 5/5; 11/27] END learning_rate=0.01, max_depth=3, n_estimators=100;, score=0.566 total time=  48.7s
[CV 1/5; 14/27] START learning_rate=0.01, max_depth=5, n_estimators=100.........
[CV 1/5; 14/27] END learning_rate=0.01, max_depth=5, n_estimators=100;, score=0.570 total time= 1.3min
[CV 2/5; 16/27] START learning_rate=0.01, max_depth=7, n_estimators=50..........
[CV 2/5; 16/27] END learning_rate=0.01, max_depth=7, n_estimators=50;, score=0.565 total time=  57.2s
[CV 3/5; 18/27] START learning_rate=0.01, max_depth=7, n_estimators=200.........
[CV 3/5; 18/27] END learning_rate=0.01, max_depth=7, n_estimators=200;, score=0.576 total time= 3.8min
[CV 1/5; 26/27] START learning_rate=0.05, max_depth=7, n_estimators=100.........
[CV 1/5; 26/27] END learning_rate=0.05, max_depth=7, n_estimators=100;, score=0.605 total time= 1.9min
[CV 5/5; 1/27] START learning_rate=0.2, max_depth=1, n_estimators=200...........
[CV 5/5; 1/27] END learning_rate=0.2, max_depth=1, n_estimators=200;, score=0.595 total time=  33.4s
[CV 3/5; 4/27] START learning_rate=0.2, max_depth=2, n_estimators=200...........
[CV 3/5; 4/27] END learning_rate=0.2, max_depth=2, n_estimators=200;, score=0.585 total time= 1.1min
[CV 4/5; 7/27] START learning_rate=0.2, max_depth=3, n_estimators=200...........
[CV 4/5; 7/27] END learning_rate=0.2, max_depth=3, n_estimators=200;, score=0.602 total time= 1.6min
[CV 2/5; 10/27] START learning_rate=0.1, max_depth=1, n_estimators=200..........
[CV 2/5; 10/27] END learning_rate=0.1, max_depth=1, n_estimators=200;, score=0.583 total time=  33.5s
[CV 3/5; 11/27] START learning_rate=0.1, max_depth=1, n_estimators=300..........
[CV 3/5; 11/27] END learning_rate=0.1, max_depth=1, n_estimators=300;, score=0.568 total time=  50.0s
[CV 1/5; 13/27] START learning_rate=0.1, max_depth=2, n_estimators=200..........
[CV 1/5; 13/27] END learning_rate=0.1, max_depth=2, n_estimators=200;, score=0.615 total time= 1.1min
[CV 3/5; 15/27] START learning_rate=0.1, max_depth=2, n_estimators=400..........
[CV 3/5; 15/27] END learning_rate=0.1, max_depth=2, n_estimators=400;, score=0.591 total time= 2.2min
[CV 4/5; 19/27] START learning_rate=0.01, max_depth=1, n_estimators=200.........
[CV 4/5; 19/27] END learning_rate=0.01, max_depth=1, n_estimators=200;, score=0.572 total time=  33.4s
[CV 5/5; 20/27] START learning_rate=0.01, max_depth=1, n_estimators=300.........
[CV 5/5; 20/27] END learning_rate=0.01, max_depth=1, n_estimators=300;, score=0.568 total time=  50.0s
[CV 1/5; 23/27] START learning_rate=0.01, max_depth=2, n_estimators=300.........
[CV 1/5; 23/27] END learning_rate=0.01, max_depth=2, n_estimators=300;, score=0.576 total time= 1.6min
[CV 2/5; 26/27] START learning_rate=0.01, max_depth=3, n_estimators=300.........
[CV 2/5; 26/27] END learning_rate=0.01, max_depth=3, n_estimators=300;, score=0.583 total time= 2.0min
[CV 2/5; 2/27] START learning_rate=0.2, max_depth=1, n_estimators=300...........
[CV 2/5; 2/27] END learning_rate=0.2, max_depth=1, n_estimators=300;, score=0.602 total time=  50.0s
[CV 5/5; 5/27] START learning_rate=0.2, max_depth=2, n_estimators=300...........
[CV 5/5; 5/27] END learning_rate=0.2, max_depth=2, n_estimators=300;, score=0.581 total time= 1.6min
[CV 1/5; 9/27] START learning_rate=0.2, max_depth=3, n_estimators=400...........
[CV 1/5; 9/27] END learning_rate=0.2, max_depth=3, n_estimators=400;, score=0.580 total time= 3.2min
[CV 5/5; 14/27] START learning_rate=0.1, max_depth=2, n_estimators=300..........
[CV 5/5; 14/27] END learning_rate=0.1, max_depth=2, n_estimators=300;, score=0.592 total time= 1.6min
[CV 1/5; 18/27] START learning_rate=0.1, max_depth=3, n_estimators=400..........
[CV 1/5; 18/27] END learning_rate=0.1, max_depth=3, n_estimators=400;, score=0.608 total time= 3.2min
[CV 2/5; 25/27] START learning_rate=0.01, max_depth=3, n_estimators=200.........
[CV 2/5; 25/27] END learning_rate=0.01, max_depth=3, n_estimators=200;, score=0.579 total time= 1.6min
[CV 3/5; 27/27] START learning_rate=0.01, max_depth=3, n_estimators=400.........
[CV 3/5; 27/27] END learning_rate=0.01, max_depth=3, n_estimators=400;, score=0.579 total time= 2.0min
[CV 3/5; 3/27] START learning_rate=0.2, max_depth=1, n_estimators=400...........
[CV 3/5; 3/27] END learning_rate=0.2, max_depth=1, n_estimators=400;, score=0.577 total time= 1.1min
[CV 4/5; 6/27] START learning_rate=0.2, max_depth=2, n_estimators=400...........
[CV 4/5; 6/27] END learning_rate=0.2, max_depth=2, n_estimators=400;, score=0.617 total time= 2.2min
[CV 5/5; 10/27] START learning_rate=0.1, max_depth=1, n_estimators=200..........
[CV 5/5; 10/27] END learning_rate=0.1, max_depth=1, n_estimators=200;, score=0.581 total time=  33.4s
[CV 1/5; 12/27] START learning_rate=0.1, max_depth=1, n_estimators=400..........
[CV 1/5; 12/27] END learning_rate=0.1, max_depth=1, n_estimators=400;, score=0.600 total time= 1.1min
[CV 2/5; 14/27] START learning_rate=0.1, max_depth=2, n_estimators=300..........
[CV 2/5; 14/27] END learning_rate=0.1, max_depth=2, n_estimators=300;, score=0.600 total time= 1.6min
[CV 3/5; 17/27] START learning_rate=0.1, max_depth=3, n_estimators=300..........
[CV 3/5; 17/27] END learning_rate=0.1, max_depth=3, n_estimators=300;, score=0.591 total time= 2.4min
[CV 5/5; 21/27] START learning_rate=0.01, max_depth=1, n_estimators=400.........
[CV 5/5; 21/27] END learning_rate=0.01, max_depth=1, n_estimators=400;, score=0.569 total time= 1.1min
[CV 1/5; 24/27] START learning_rate=0.01, max_depth=2, n_estimators=400.........
[CV 1/5; 24/27] END learning_rate=0.01, max_depth=2, n_estimators=400;, score=0.579 total time= 2.2min
[CV 4/5; 27/27] START learning_rate=0.01, max_depth=3, n_estimators=400.........
[CV 4/5; 27/27] END learning_rate=0.01, max_depth=3, n_estimators=400;, score=0.587 total time= 2.0min
[CV 3/5; 1/27] START learning_rate=0.1, max_depth=3, n_estimators=50............
[CV 3/5; 1/27] END learning_rate=0.1, max_depth=3, n_estimators=50;, score=0.579 total time=  24.7s
[CV 1/5; 5/27] START learning_rate=0.1, max_depth=5, n_estimators=100...........
[CV 1/5; 5/27] END learning_rate=0.1, max_depth=5, n_estimators=100;, score=0.605 total time= 1.3min
[CV 2/5; 8/27] START learning_rate=0.1, max_depth=7, n_estimators=100...........
[CV 2/5; 8/27] END learning_rate=0.1, max_depth=7, n_estimators=100;, score=0.592 total time= 1.9min
[CV 2/5; 11/27] START learning_rate=0.01, max_depth=3, n_estimators=100.........
[CV 2/5; 11/27] END learning_rate=0.01, max_depth=3, n_estimators=100;, score=0.568 total time=  48.7s
[CV 3/5; 13/27] START learning_rate=0.01, max_depth=5, n_estimators=50..........
[CV 3/5; 13/27] END learning_rate=0.01, max_depth=5, n_estimators=50;, score=0.565 total time=  40.7s
[CV 4/5; 14/27] START learning_rate=0.01, max_depth=5, n_estimators=100.........
[CV 4/5; 14/27] END learning_rate=0.01, max_depth=5, n_estimators=100;, score=0.574 total time= 1.3min
[CV 5/5; 17/27] START learning_rate=0.01, max_depth=7, n_estimators=100.........
[CV 5/5; 17/27] END learning_rate=0.01, max_depth=7, n_estimators=100;, score=0.580 total time= 1.9min
[CV 5/5; 21/27] START learning_rate=0.05, max_depth=3, n_estimators=200.........
[CV 5/5; 21/27] END learning_rate=0.05, max_depth=3, n_estimators=200;, score=0.599 total time= 1.6min
[CV 1/5; 25/27] START learning_rate=0.05, max_depth=7, n_estimators=50..........
[CV 1/5; 25/27] END learning_rate=0.05, max_depth=7, n_estimators=50;, score=0.598 total time=  57.3s
[CV 4/5; 26/27] START learning_rate=0.05, max_depth=7, n_estimators=100.........
[CV 4/5; 26/27] END learning_rate=0.05, max_depth=7, n_estimators=100;, score=0.605 total time= 1.8min
[CV 5/5; 2/27] START learning_rate=0.2, max_depth=1, n_estimators=300...........
[CV 5/5; 2/27] END learning_rate=0.2, max_depth=1, n_estimators=300;, score=0.590 total time=  49.8s
[CV 3/5; 5/27] START learning_rate=0.2, max_depth=2, n_estimators=300...........
[CV 3/5; 5/27] END learning_rate=0.2, max_depth=2, n_estimators=300;, score=0.591 total time= 1.6min
[CV 3/5; 8/27] START learning_rate=0.2, max_depth=3, n_estimators=300...........
[CV 3/5; 8/27] END learning_rate=0.2, max_depth=3, n_estimators=300;, score=0.579 total time= 2.4min
[CV 4/5; 13/27] START learning_rate=0.1, max_depth=2, n_estimators=200..........
[CV 4/5; 13/27] END learning_rate=0.1, max_depth=2, n_estimators=200;, score=0.601 total time= 1.1min
[CV 1/5; 16/27] START learning_rate=0.1, max_depth=3, n_estimators=200..........
[CV 1/5; 16/27] END learning_rate=0.1, max_depth=3, n_estimators=200;, score=0.612 total time= 1.6min
[CV 2/5; 18/27] START learning_rate=0.1, max_depth=3, n_estimators=400..........
[CV 2/5; 18/27] END learning_rate=0.1, max_depth=3, n_estimators=400;, score=0.589 total time= 3.2min
[CV 3/5; 25/27] START learning_rate=0.01, max_depth=3, n_estimators=200.........
[CV 3/5; 25/27] END learning_rate=0.01, max_depth=3, n_estimators=200;, score=0.571 total time= 1.6min
[CV 5/5; 27/27] START learning_rate=0.01, max_depth=3, n_estimators=400.........
[CV 5/5; 27/27] END learning_rate=0.01, max_depth=3, n_estimators=400;, score=0.593 total time= 2.2min
[CV 1/5; 4/27] START learning_rate=0.2, max_depth=2, n_estimators=200...........
[CV 1/5; 4/27] END learning_rate=0.2, max_depth=2, n_estimators=200;, score=0.615 total time= 1.1min
[CV 2/5; 6/27] START learning_rate=0.2, max_depth=2, n_estimators=400...........
[CV 2/5; 6/27] END learning_rate=0.2, max_depth=2, n_estimators=400;, score=0.585 total time= 2.2min
[CV 2/5; 10/27] START learning_rate=0.1, max_depth=1, n_estimators=200..........
[CV 2/5; 10/27] END learning_rate=0.1, max_depth=1, n_estimators=200;, score=0.583 total time=  33.4s
[CV 3/5; 11/27] START learning_rate=0.1, max_depth=1, n_estimators=300..........
[CV 3/5; 11/27] END learning_rate=0.1, max_depth=1, n_estimators=300;, score=0.568 total time=  49.9s
[CV 1/5; 13/27] START learning_rate=0.1, max_depth=2, n_estimators=200..........
[CV 1/5; 13/27] END learning_rate=0.1, max_depth=2, n_estimators=200;, score=0.615 total time= 1.1min
[CV 1/5; 15/27] START learning_rate=0.1, max_depth=2, n_estimators=400..........
[CV 1/5; 15/27] END learning_rate=0.1, max_depth=2, n_estimators=400;, score=0.615 total time= 2.2min
[CV 2/5; 19/27] START learning_rate=0.01, max_depth=1, n_estimators=200.........
[CV 2/5; 19/27] END learning_rate=0.01, max_depth=1, n_estimators=200;, score=0.568 total time=  33.4s
[CV 3/5; 20/27] START learning_rate=0.01, max_depth=1, n_estimators=300.........
[CV 3/5; 20/27] END learning_rate=0.01, max_depth=1, n_estimators=300;, score=0.564 total time=  49.9s
[CV 3/5; 22/27] START learning_rate=0.01, max_depth=2, n_estimators=200.........
[CV 3/5; 22/27] END learning_rate=0.01, max_depth=2, n_estimators=200;, score=0.567 total time= 1.1min
[CV 4/5; 24/27] START learning_rate=0.01, max_depth=2, n_estimators=400.........
[CV 4/5; 24/27] END learning_rate=0.01, max_depth=2, n_estimators=400;, score=0.589 total time= 2.2min
[CV 1/5; 2/27] START learning_rate=0.2, max_depth=1, n_estimators=300...........
[CV 1/5; 2/27] END learning_rate=0.2, max_depth=1, n_estimators=300;, score=0.598 total time=  49.8s
[CV 2/5; 5/27] START learning_rate=0.2, max_depth=2, n_estimators=300...........
[CV 2/5; 5/27] END learning_rate=0.2, max_depth=2, n_estimators=300;, score=0.594 total time= 1.6min
[CV 3/5; 8/27] START learning_rate=0.2, max_depth=3, n_estimators=300...........
[CV 3/5; 8/27] END learning_rate=0.2, max_depth=3, n_estimators=300;, score=0.579 total time= 2.4min
[CV 4/5; 13/27] START learning_rate=0.1, max_depth=2, n_estimators=200..........
[CV 4/5; 13/27] END learning_rate=0.1, max_depth=2, n_estimators=200;, score=0.601 total time= 1.1min
[CV 1/5; 16/27] START learning_rate=0.1, max_depth=3, n_estimators=200..........
[CV 1/5; 16/27] END learning_rate=0.1, max_depth=3, n_estimators=200;, score=0.612 total time= 1.6min
[CV 2/5; 18/27] START learning_rate=0.1, max_depth=3, n_estimators=400..........
[CV 2/5; 18/27] END learning_rate=0.1, max_depth=3, n_estimators=400;, score=0.589 total time= 3.2min
[CV 3/5; 25/27] START learning_rate=0.01, max_depth=3, n_estimators=200.........
[CV 3/5; 25/27] END learning_rate=0.01, max_depth=3, n_estimators=200;, score=0.571 total time= 1.6min
[CV 5/5; 27/27] START learning_rate=0.01, max_depth=3, n_estimators=400.........
[CV 5/5; 27/27] END learning_rate=0.01, max_depth=3, n_estimators=400;, score=0.593 total time= 1.9min
[CV 3/5; 3/27] START learning_rate=0.1, max_depth=3, n_estimators=200...........
[CV 3/5; 3/27] END learning_rate=0.1, max_depth=3, n_estimators=200;, score=0.583 total time= 1.6min
[CV 2/5; 7/27] START learning_rate=0.1, max_depth=7, n_estimators=50............
[CV 2/5; 7/27] END learning_rate=0.1, max_depth=7, n_estimators=50;, score=0.606 total time=  56.9s
[CV 3/5; 9/27] START learning_rate=0.1, max_depth=7, n_estimators=200...........
[CV 3/5; 9/27] END learning_rate=0.1, max_depth=7, n_estimators=200;, score=0.591 total time= 3.8min
[CV 1/5; 17/27] START learning_rate=0.01, max_depth=7, n_estimators=100.........
[CV 1/5; 17/27] END learning_rate=0.01, max_depth=7, n_estimators=100;, score=0.574 total time= 1.9min
[CV 3/5; 20/27] START learning_rate=0.05, max_depth=3, n_estimators=100.........
[CV 3/5; 20/27] END learning_rate=0.05, max_depth=3, n_estimators=100;, score=0.577 total time=  48.4s
[CV 4/5; 22/27] START learning_rate=0.05, max_depth=5, n_estimators=50..........
[CV 4/5; 22/27] END learning_rate=0.05, max_depth=5, n_estimators=50;, score=0.593 total time=  40.5s
[CV 5/5; 23/27] START learning_rate=0.05, max_depth=5, n_estimators=100.........
[CV 5/5; 23/27] END learning_rate=0.05, max_depth=5, n_estimators=100;, score=0.586 total time= 1.3min
[CV 2/5; 27/27] START learning_rate=0.05, max_depth=7, n_estimators=200.........
[CV 2/5; 27/27] END learning_rate=0.05, max_depth=7, n_estimators=200;, score=0.605 total time= 2.9min
[CV 2/5; 3/27] START learning_rate=0.2, max_depth=1, n_estimators=400...........
[CV 2/5; 3/27] END learning_rate=0.2, max_depth=1, n_estimators=400;, score=0.594 total time= 1.1min
[CV 2/5; 6/27] START learning_rate=0.2, max_depth=2, n_estimators=400...........
[CV 2/5; 6/27] END learning_rate=0.2, max_depth=2, n_estimators=400;, score=0.585 total time= 2.2min
[CV 5/5; 9/27] START learning_rate=0.2, max_depth=3, n_estimators=400...........
[CV 5/5; 9/27] END learning_rate=0.2, max_depth=3, n_estimators=400;, score=0.586 total time= 3.2min
[CV 1/5; 17/27] START learning_rate=0.1, max_depth=3, n_estimators=300..........
[CV 1/5; 17/27] END learning_rate=0.1, max_depth=3, n_estimators=300;, score=0.611 total time= 2.4min
[CV 3/5; 21/27] START learning_rate=0.01, max_depth=1, n_estimators=400.........
[CV 3/5; 21/27] END learning_rate=0.01, max_depth=1, n_estimators=400;, score=0.565 total time= 1.1min
[CV 4/5; 23/27] START learning_rate=0.01, max_depth=2, n_estimators=300.........
[CV 4/5; 23/27] END learning_rate=0.01, max_depth=2, n_estimators=300;, score=0.584 total time= 1.6min
[CV 5/5; 26/27] START learning_rate=0.01, max_depth=3, n_estimators=300.........
[CV 5/5; 26/27] END learning_rate=0.01, max_depth=3, n_estimators=300;, score=0.589 total time= 2.0min
[CV 1/5; 3/27] START learning_rate=0.2, max_depth=1, n_estimators=400...........
[CV 1/5; 3/27] END learning_rate=0.2, max_depth=1, n_estimators=400;, score=0.609 total time= 1.1min
[CV 3/5; 6/27] START learning_rate=0.2, max_depth=2, n_estimators=400...........
[CV 3/5; 6/27] END learning_rate=0.2, max_depth=2, n_estimators=400;, score=0.582 total time= 2.2min
[CV 4/5; 10/27] START learning_rate=0.1, max_depth=1, n_estimators=200..........
[CV 4/5; 10/27] END learning_rate=0.1, max_depth=1, n_estimators=200;, score=0.599 total time=  33.3s
[CV 5/5; 11/27] START learning_rate=0.1, max_depth=1, n_estimators=300..........
[CV 5/5; 11/27] END learning_rate=0.1, max_depth=1, n_estimators=300;, score=0.593 total time=  49.8s
[CV 3/5; 13/27] START learning_rate=0.1, max_depth=2, n_estimators=200..........
[CV 3/5; 13/27] END learning_rate=0.1, max_depth=2, n_estimators=200;, score=0.579 total time= 1.1min
[CV 5/5; 15/27] START learning_rate=0.1, max_depth=2, n_estimators=400..........
[CV 5/5; 15/27] END learning_rate=0.1, max_depth=2, n_estimators=400;, score=0.590 total time= 2.2min
[CV 1/5; 20/27] START learning_rate=0.01, max_depth=1, n_estimators=300.........
[CV 1/5; 20/27] END learning_rate=0.01, max_depth=1, n_estimators=300;, score=0.568 total time=  49.9s
[CV 2/5; 21/27] START learning_rate=0.01, max_depth=1, n_estimators=400.........
[CV 2/5; 21/27] END learning_rate=0.01, max_depth=1, n_estimators=400;, score=0.570 total time= 1.1min
[CV 3/5; 23/27] START learning_rate=0.01, max_depth=2, n_estimators=300.........
[CV 3/5; 23/27] END learning_rate=0.01, max_depth=2, n_estimators=300;, score=0.571 total time= 1.6min
[CV 4/5; 26/27] START learning_rate=0.01, max_depth=3, n_estimators=300.........
[CV 4/5; 26/27] END learning_rate=0.01, max_depth=3, n_estimators=300;, score=0.587 total time= 1.8min
[CV 4/5; 2/27] START learning_rate=0.2, max_depth=1, n_estimators=300...........
[CV 4/5; 2/27] END learning_rate=0.2, max_depth=1, n_estimators=300;, score=0.596 total time=  50.0s
[CV 5/5; 5/27] START learning_rate=0.2, max_depth=2, n_estimators=300...........
[CV 5/5; 5/27] END learning_rate=0.2, max_depth=2, n_estimators=300;, score=0.581 total time= 1.6min
[CV 1/5; 9/27] START learning_rate=0.2, max_depth=3, n_estimators=400...........
[CV 1/5; 9/27] END learning_rate=0.2, max_depth=3, n_estimators=400;, score=0.580 total time= 3.2min
[CV 5/5; 14/27] START learning_rate=0.1, max_depth=2, n_estimators=300..........
[CV 5/5; 14/27] END learning_rate=0.1, max_depth=2, n_estimators=300;, score=0.592 total time= 1.6min
[CV 1/5; 18/27] START learning_rate=0.1, max_depth=3, n_estimators=400..........
[CV 1/5; 18/27] END learning_rate=0.1, max_depth=3, n_estimators=400;, score=0.608 total time= 3.2min
[CV 2/5; 25/27] START learning_rate=0.01, max_depth=3, n_estimators=200.........
[CV 2/5; 25/27] END learning_rate=0.01, max_depth=3, n_estimators=200;, score=0.579 total time= 1.6min
[CV 3/5; 27/27] START learning_rate=0.01, max_depth=3, n_estimators=400.........
[CV 3/5; 27/27] END learning_rate=0.01, max_depth=3, n_estimators=400;, score=0.579 total time= 2.2min
slurmstepd: error: *** JOB 8387542 ON node001 CANCELLED AT 2026-06-30T21:27:03 DUE TO TIME LIMIT ***
slurmstepd: error: *** JOB 8387542 STEPD TERMINATED ON node001 AT 2026-06-30T21:28:03 DUE TO JOB NOT ENDING WITH SIGNALS ***
slurmstepd: error: Container 1274270 in cgroup plugin has 2 processes, giving up after 63 sec
